-- MySQL dump 10.16  Distrib 10.1.26-MariaDB, for debian-linux-gnu (x86_64)
--
-- Host: localhost    Database: recabarius
-- ------------------------------------------------------
-- Server version	10.1.26-MariaDB-0+deb9u1

/*!40101 SET @OLD_CHARACTER_SET_CLIENT=@@CHARACTER_SET_CLIENT */;
/*!40101 SET @OLD_CHARACTER_SET_RESULTS=@@CHARACTER_SET_RESULTS */;
/*!40101 SET @OLD_COLLATION_CONNECTION=@@COLLATION_CONNECTION */;
/*!40101 SET NAMES utf8mb4 */;
/*!40103 SET @OLD_TIME_ZONE=@@TIME_ZONE */;
/*!40103 SET TIME_ZONE='+00:00' */;
/*!40014 SET @OLD_UNIQUE_CHECKS=@@UNIQUE_CHECKS, UNIQUE_CHECKS=0 */;
/*!40014 SET @OLD_FOREIGN_KEY_CHECKS=@@FOREIGN_KEY_CHECKS, FOREIGN_KEY_CHECKS=0 */;
/*!40101 SET @OLD_SQL_MODE=@@SQL_MODE, SQL_MODE='NO_AUTO_VALUE_ON_ZERO' */;
/*!40111 SET @OLD_SQL_NOTES=@@SQL_NOTES, SQL_NOTES=0 */;

--
-- Table structure for table `certificaciones_vivienda`
--

DROP TABLE IF EXISTS `certificaciones_vivienda`;
/*!40101 SET @saved_cs_client     = @@character_set_client */;
/*!40101 SET character_set_client = utf8 */;
CREATE TABLE `certificaciones_vivienda` (
  `idcertificacion_vivienda` int(11) NOT NULL,
  `nombre_certificacion` varchar(70) DEFAULT NULL,
  PRIMARY KEY (`idcertificacion_vivienda`)
) ENGINE=MyISAM DEFAULT CHARSET=utf8 PACK_KEYS=0;
/*!40101 SET character_set_client = @saved_cs_client */;

--
-- Dumping data for table `certificaciones_vivienda`
--

LOCK TABLES `certificaciones_vivienda` WRITE;
/*!40000 ALTER TABLE `certificaciones_vivienda` DISABLE KEYS */;
INSERT INTO `certificaciones_vivienda` VALUES (1,'Permisos de Edificicacion'),(2,'Certificado de Recepcion'),(3,'Regularizaciones'),(4,'Informe Previo');
/*!40000 ALTER TABLE `certificaciones_vivienda` ENABLE KEYS */;
UNLOCK TABLES;

--
-- Table structure for table `comite_cargo`
--

DROP TABLE IF EXISTS `comite_cargo`;
/*!40101 SET @saved_cs_client     = @@character_set_client */;
/*!40101 SET character_set_client = utf8 */;
CREATE TABLE `comite_cargo` (
  `idcargo` int(11) NOT NULL AUTO_INCREMENT,
  `cargo` varchar(100) DEFAULT NULL,
  PRIMARY KEY (`idcargo`)
) ENGINE=MyISAM AUTO_INCREMENT=4 DEFAULT CHARSET=utf8 PACK_KEYS=0;
/*!40101 SET character_set_client = @saved_cs_client */;

--
-- Dumping data for table `comite_cargo`
--

LOCK TABLES `comite_cargo` WRITE;
/*!40000 ALTER TABLE `comite_cargo` DISABLE KEYS */;
INSERT INTO `comite_cargo` VALUES (1,'miembro'),(2,'presidente'),(3,'secretario');
/*!40000 ALTER TABLE `comite_cargo` ENABLE KEYS */;
UNLOCK TABLES;

--
-- Table structure for table `comuna`
--

DROP TABLE IF EXISTS `comuna`;
/*!40101 SET @saved_cs_client     = @@character_set_client */;
/*!40101 SET character_set_client = utf8 */;
CREATE TABLE `comuna` (
  `COMUNA_ID` int(5) NOT NULL DEFAULT '0',
  `COMUNA_NOMBRE` varchar(20) DEFAULT NULL,
  `COMUNA_PROVINCIA_ID` int(3) DEFAULT NULL,
  PRIMARY KEY (`COMUNA_ID`),
  KEY `COMUNA_PROVINCIA_ID` (`COMUNA_PROVINCIA_ID`)
) ENGINE=MyISAM DEFAULT CHARSET=utf8;
/*!40101 SET character_set_client = @saved_cs_client */;

--
-- Dumping data for table `comuna`
--

LOCK TABLES `comuna` WRITE;
/*!40000 ALTER TABLE `comuna` DISABLE KEYS */;
INSERT INTO `comuna` VALUES (1101,'Iquique',11),(1107,'Alto Hospicio',11),(1401,'Pozo Almonte',14),(1402,'Camiña',14),(1403,'Colchane',14),(1404,'Huara',14),(1405,'Pica',14),(2101,'Antofagasta',21),(2102,'Mejillones',21),(2103,'Sierra Gorda',21),(2104,'Taltal',21),(2201,'Calama',22),(2202,'Ollagüe',22),(2203,'San Pedro de Atacama',22),(2301,'Tocopilla',23),(2302,'María Elena',23),(3101,'Copiapó',31),(3102,'Caldera',31),(3103,'Tierra Amarilla',31),(3201,'Chañaral',32),(3202,'Diego de Almagro',32),(3301,'Vallenar',33),(3302,'Alto del Carmen',33),(3303,'Freirina',33),(3304,'Huasco',33),(4101,'La Serena',41),(4102,'Coquimbo',41),(4103,'Andacollo',41),(4104,'La Higuera',41),(4105,'Paihuano',41),(4106,'Vicuña',41),(4201,'Illapel',42),(4202,'Canela',42),(4203,'Los Vilos',42),(4204,'Salamanca',42),(4301,'Ovalle',43),(4302,'Combarbalá',43),(4303,'Monte Patria',43),(4304,'Punitaqui',43),(4305,'Río Hurtado',43),(5101,'Valparaíso',51),(5102,'Casablanca',51),(5103,'Concón',51),(5104,'Juan Fernández',51),(5105,'Puchuncaví',51),(5107,'Quintero',51),(5109,'Viña del Mar',51),(5201,'Isla de Pascua',52),(5301,'Los Andes',53),(5302,'Calle Larga',53),(5303,'Rinconada',53),(5304,'San Esteban',53),(5401,'La Ligua',54),(5402,'Cabildo',54),(5403,'Papudo',54),(5404,'Petorca',54),(5405,'Zapallar',54),(5501,'Quillota',55),(5502,'La Calera',55),(5503,'Hijuelas',55),(5504,'La Cruz',55),(5506,'Nogales',55),(5601,'San Antonio',56),(5602,'Algarrobo',56),(5603,'Cartagena',56),(5604,'El Quisco',56),(5605,'El Tabo',56),(5606,'Santo Domingo',56),(5701,'San Felipe',57),(5702,'Catemu',57),(5703,'Llay Llay',57),(5704,'Panquehue',57),(5705,'Putaendo',57),(5706,'Santa María',57),(5801,'Quilpué',58),(5802,'Limache',58),(5803,'Olmué',58),(5804,'Villa Alemana',58),(6101,'Rancagua',61),(6102,'Codegua',61),(6103,'Coinco',61),(6104,'Coltauco',61),(6105,'Doñihue',61),(6106,'Graneros',61),(6107,'Las Cabras',61),(6108,'Machalí',61),(6109,'Malloa',61),(6110,'Mostazal',61),(6111,'Olivar',61),(6112,'Peumo',61),(6113,'Pichidegua',61),(6114,'Quinta de Tilcoco',61),(6115,'Rengo',61),(6116,'Requínoa',61),(6117,'San Vicente',61),(6201,'Pichilemu',62),(6202,'La Estrella',62),(6203,'Litueche',62),(6204,'Marchihue',62),(6205,'Navidad',62),(6206,'Paredones',62),(6301,'San Fernando',63),(6302,'Chépica',63),(6303,'Chimbarongo',63),(6304,'Lolol',63),(6305,'Nancagua',63),(6306,'Palmilla',63),(6307,'Peralillo',63),(6308,'Placilla',63),(6309,'Pumanque',63),(6310,'Santa Cruz',63),(7101,'Talca',71),(7102,'Constitución',71),(7103,'Curepto',71),(7104,'Empedrado',71),(7105,'Maule',71),(7106,'Pelarco',71),(7107,'Pencahue',71),(7108,'Río Claro',71),(7109,'San Clemente',71),(7110,'San Rafael',71),(7201,'Cauquenes',72),(7202,'Chanco',72),(7203,'Pelluhue',72),(7301,'Curicó',73),(7302,'Hualañé',73),(7303,'Licantén',73),(7304,'Molina',73),(7305,'Rauco',73),(7306,'Romeral',73),(7307,'Sagrada Familia',73),(7308,'Teno',73),(7309,'Vichuquén',73),(7401,'Linares',74),(7402,'Colbún',74),(7403,'Longaví',74),(7404,'Parral',74),(7405,'Retiro',74),(7406,'San Javier',74),(7407,'Villa Alegre',74),(7408,'Yerbas Buenas',74),(8101,'Concepción',81),(8102,'Coronel',81),(8103,'Chiguayante',81),(8104,'Florida',81),(8105,'Hualqui',81),(8106,'Lota',81),(8107,'Penco',81),(8108,'San Pedro de la Paz',81),(8109,'Santa Juana',81),(8110,'Talcahuano',81),(8111,'Tomé',81),(8112,'Hualpén',81),(8201,'Lebu',82),(8202,'Arauco',82),(8203,'Cañete',82),(8204,'Contulmo',82),(8205,'Curanilahue',82),(8206,'Los Álamos',82),(8207,'Tirúa',82),(8301,'Los Ángeles',83),(8302,'Antuco',83),(8303,'Cabrero',83),(8304,'Laja',83),(8305,'Mulchén',83),(8306,'Nacimiento',83),(8307,'Negrete',83),(8308,'Quilaco',83),(8309,'Quilleco',83),(8310,'San Rosendo',83),(8311,'Santa Bárbara',83),(8312,'Tucapel',83),(8313,'Yumbel',83),(8314,'Alto Biobío',83),(8401,'Chillán',84),(8402,'Bulnes',84),(8403,'Cobquecura',84),(8404,'Coelemu',84),(8405,'Coihueco',84),(8406,'Chillán Viejo',84),(8407,'El Carmen',84),(8408,'Ninhue',84),(8409,'Ñiquén',84),(8410,'Pemuco',84),(8411,'Pinto',84),(8412,'Portezuelo',84),(8413,'Quillón',84),(8414,'Quirihue',84),(8415,'Ránquil',84),(8416,'San Carlos',84),(8417,'San Fabián',84),(8418,'San Ignacio',84),(8419,'San Nicolás',84),(8420,'Treguaco',84),(8421,'Yungay',84),(9101,'Temuco',91),(9102,'Carahue',91),(9103,'Cunco',91),(9104,'Curarrehue',91),(9105,'Freire',91),(9106,'Galvarino',91),(9107,'Gorbea',91),(9108,'Lautaro',91),(9109,'Loncoche',91),(9110,'Melipeuco',91),(9111,'Nueva Imperial',91),(9112,'Padre las Casas',91),(9113,'Perquenco',91),(9114,'Pitrufquén',91),(9115,'Pucón',91),(9116,'Saavedra',91),(9117,'Teodoro Schmidt',91),(9118,'Toltén',91),(9119,'Vilcún',91),(9120,'Villarrica',91),(9121,'Cholchol',91),(9201,'Angol',92),(9202,'Collipulli',92),(9203,'Curacautín',92),(9204,'Ercilla',92),(9205,'Lonquimay',92),(9206,'Los Sauces',92),(9207,'Lumaco',92),(9208,'Purén',92),(9209,'Renaico',92),(9210,'Traiguén',92),(9211,'Victoria',92),(10101,'Puerto Montt',101),(10102,'Calbuco',101),(10103,'Cochamó',101),(10104,'Fresia',101),(10105,'Frutillar',101),(10106,'Los Muermos',101),(10107,'Llanquihue',101),(10108,'Maullín',101),(10109,'Puerto Varas',101),(10201,'Castro',102),(10202,'Ancud',102),(10203,'Chonchi',102),(10204,'Curaco de Vélez',102),(10205,'Dalcahue',102),(10206,'Puqueldón',102),(10207,'Queilén',102),(10208,'Quellón',102),(10209,'Quemchi',102),(10210,'Quinchao',102),(10301,'Osorno',103),(10302,'Puerto Octay',103),(10303,'Purranque',103),(10304,'Puyehue',103),(10305,'Río Negro',103),(10306,'San Juan de la Costa',103),(10307,'San Pablo',103),(10401,'Chaitén',104),(10402,'Futaleufú',104),(10403,'Hualaihué',104),(10404,'Palena',104),(11101,'Coyhaique',111),(11102,'Lago Verde',111),(11201,'Aysén',112),(11202,'Cisnes',112),(11203,'Guaitecas',112),(11301,'Cochrane',113),(11302,'O\'Higgins',113),(11303,'Tortel',113),(11401,'Chile Chico',114),(11402,'Río Ibáñez',114),(12101,'Punta Arenas',121),(12102,'Laguna Blanca',121),(12103,'Río Verde',121),(12104,'San Gregorio',121),(12201,'Cabo de Hornos',122),(12202,'Antártica',122),(12301,'Porvenir',123),(12302,'Primavera',123),(12303,'Timaukel',123),(12401,'Natales',124),(12402,'Torres del Paine',124),(13101,'Santiago',131),(13102,'Cerrillos',131),(13103,'Cerro Navia',131),(13104,'Conchalí',131),(13105,'El Bosque',131),(13106,'Estación Central',131),(13107,'Huechuraba',131),(13108,'Independencia',131),(13109,'La Cisterna',131),(13110,'La Florida',131),(13111,'La Granja',131),(13112,'La Pintana',131),(13113,'La Reina',131),(13114,'Las Condes',131),(13115,'Lo Barnechea',131),(13116,'Lo Espejo',131),(13117,'Lo Prado',131),(13118,'Macul',131),(13119,'Maipú',131),(13120,'Ñuñoa',131),(13121,'Pedro Aguirre Cerda',131),(13122,'Peñalolén',131),(13123,'Providencia',131),(13124,'Pudahuel',131),(13125,'Quilicura',131),(13126,'Quinta Normal',131),(13127,'Recoleta',131),(13128,'Renca',131),(13129,'San Joaquín',131),(13130,'San Miguel',131),(13131,'San Ramón',131),(13132,'Vitacura',131),(13201,'Puente Alto',132),(13202,'Pirque',132),(13203,'San José de Maipo',132),(13301,'Colina',133),(13302,'Lampa',133),(13303,'Tiltil',133),(13401,'San Bernardo',134),(13402,'Buin',134),(13403,'Calera de Tango',134),(13404,'Paine',134),(13501,'Melipilla',135),(13502,'Alhué',135),(13503,'Curacaví',135),(13504,'María Pinto',135),(13505,'San Pedro',135),(13601,'Talagante',136),(13602,'El Monte',136),(13603,'Isla de Maipo',136),(13604,'Padre Hurtado',136),(13605,'Peñaflor',136),(14101,'Valdivia',141),(14102,'Corral',141),(14103,'Lanco',141),(14104,'Los Lagos',141),(14105,'Máfil',141),(14106,'Mariquina',141),(14107,'Paillaco',141),(14108,'Panguipulli',141),(14201,'La Unión',142),(14202,'Futrono',142),(14203,'Lago Ranco',142),(14204,'Río Bueno',142),(15101,'Arica',151),(15102,'Camarones',151),(15201,'Putre',152),(15202,'General Lagos',152);
/*!40000 ALTER TABLE `comuna` ENABLE KEYS */;
UNLOCK TABLES;

--
-- Table structure for table `configuracion`
--

DROP TABLE IF EXISTS `configuracion`;
/*!40101 SET @saved_cs_client     = @@character_set_client */;
/*!40101 SET character_set_client = utf8 */;
CREATE TABLE `configuracion` (
  `idconfig` int(11) NOT NULL,
  `clave` varchar(20) DEFAULT NULL,
  `valor` bigint(20) DEFAULT '0',
  PRIMARY KEY (`idconfig`)
) ENGINE=MyISAM DEFAULT CHARSET=utf8 PACK_KEYS=0;
/*!40101 SET character_set_client = @saved_cs_client */;

--
-- Dumping data for table `configuracion`
--

LOCK TABLES `configuracion` WRITE;
/*!40000 ALTER TABLE `configuracion` DISABLE KEYS */;
INSERT INTO `configuracion` VALUES (1,'AdultoMayorVaron',60),(2,'AdultoMayorMujer',60),(3,'UFAmpliacion',90),(4,'UfMejoramiento',50),(5,'UFTermico',100),(6,'UFSolar',50),(7,'UFFocalicazion',45),(8,'RegConfig',0),(9,'RegDB',30),(10,'MetrosOriginal',40),(11,'fecharespaldodb',1519508535);
/*!40000 ALTER TABLE `configuracion` ENABLE KEYS */;
UNLOCK TABLES;

--
-- Table structure for table `conservador`
--

DROP TABLE IF EXISTS `conservador`;
/*!40101 SET @saved_cs_client     = @@character_set_client */;
/*!40101 SET character_set_client = utf8 */;
CREATE TABLE `conservador` (
  `idconservador` int(11) NOT NULL AUTO_INCREMENT,
  `conservador` varchar(20) DEFAULT NULL,
  PRIMARY KEY (`idconservador`)
) ENGINE=MyISAM AUTO_INCREMENT=4 DEFAULT CHARSET=utf8 PACK_KEYS=0;
/*!40101 SET character_set_client = @saved_cs_client */;

--
-- Dumping data for table `conservador`
--

LOCK TABLES `conservador` WRITE;
/*!40000 ALTER TABLE `conservador` DISABLE KEYS */;
INSERT INTO `conservador` VALUES (1,'Talca'),(2,'Linares'),(3,'San Javier');
/*!40000 ALTER TABLE `conservador` ENABLE KEYS */;
UNLOCK TABLES;

--
-- Table structure for table `conyuge`
--

DROP TABLE IF EXISTS `conyuge`;
/*!40101 SET @saved_cs_client     = @@character_set_client */;
/*!40101 SET character_set_client = utf8 */;
CREATE TABLE `conyuge` (
  `rutconyuge` varchar(8) COLLATE utf8_unicode_ci NOT NULL,
  `dv` varchar(1) COLLATE utf8_unicode_ci DEFAULT NULL,
  `nombres` varchar(50) COLLATE utf8_unicode_ci DEFAULT NULL,
  `paterno` varchar(50) COLLATE utf8_unicode_ci DEFAULT NULL,
  `materno` varchar(50) COLLATE utf8_unicode_ci DEFAULT NULL,
  `sexo` varchar(1) COLLATE utf8_unicode_ci DEFAULT NULL,
  `estado` tinyint(1) DEFAULT NULL,
  `rutpersona` varchar(8) COLLATE utf8_unicode_ci DEFAULT NULL,
  PRIMARY KEY (`rutconyuge`)
) ENGINE=MyISAM DEFAULT CHARSET=utf8 COLLATE=utf8_unicode_ci;
/*!40101 SET character_set_client = @saved_cs_client */;

--
-- Dumping data for table `conyuge`
--

LOCK TABLES `conyuge` WRITE;
/*!40000 ALTER TABLE `conyuge` DISABLE KEYS */;
/*!40000 ALTER TABLE `conyuge` ENABLE KEYS */;
UNLOCK TABLES;

--
-- Table structure for table `cuenta`
--

DROP TABLE IF EXISTS `cuenta`;
/*!40101 SET @saved_cs_client     = @@character_set_client */;
/*!40101 SET character_set_client = utf8 */;
CREATE TABLE `cuenta` (
  `ncuenta` varchar(20) NOT NULL,
  `ahorro` decimal(11,0) DEFAULT NULL,
  `subsidio` decimal(11,0) DEFAULT NULL,
  `total` decimal(11,0) DEFAULT NULL,
  `fecha_apertura` bigint(20) DEFAULT NULL,
  PRIMARY KEY (`ncuenta`)
) ENGINE=MyISAM DEFAULT CHARSET=utf8 PACK_KEYS=0 COMMENT='total = ahorro+subsidio';
/*!40101 SET character_set_client = @saved_cs_client */;

--
-- Dumping data for table `cuenta`
--

LOCK TABLES `cuenta` WRITE;
/*!40000 ALTER TABLE `cuenta` DISABLE KEYS */;
INSERT INTO `cuenta` VALUES ('43960233973',3,50,53,1048824000),('43960292694',3,50,53,1216526400),('43960338465',3,50,53,1460516400),('44361551211',3,50,53,599281200),('43761316258',3,50,53,1494993600),('35161512000',3,50,53,1194577200),('43960345313',3,50,53,1493866800),('43960298285',3,50,53,1495166400),('43960329482',3,50,53,1495166400),('43960345305',3,50,53,1493866800),('43960298986',3,50,53,1237780800),('43960291663',3,50,53,1214193600),('27060030133',3,50,53,1208923200),('43760895890',3,50,53,1046746800),('43960292872',3,50,53,1493866800),('43960297629',3,50,53,1234926000),('43960338392',3,50,53,1460430000),('43960318782',3,50,53,1493607600),('43960296479',3,50,53,1231815600),('43960282354',3,50,53,1178596800),('4396033080',3,50,53,1430881200),('43960332351',3,50,53,1498017600),('43960303670',3,50,53,1257217200),('43960269617',3,50,53,1498017600),('43960316682',3,50,53,1498017600),('43960306423',3,50,53,1271390400),('43960327056',3,50,53,1498017600),('44361534210',5,90,95,590299200),('43960265158',5,90,95,931665600),('43960304048',5,90,95,1259118000),('43960297998',5,90,95,1235703600),('43960292465',5,90,95,1185163200),('43960322941',5,90,95,1360724400),('43960345330',5,90,95,1493953200),('43960276680',5,90,95,987307200),('36763261705',5,90,95,1353294000),('43960343540',5,90,95,1484017200),('43960345135',5,90,95,1493002800),('34860488800',5,90,95,856753200),('43760888584',5,90,95,1039662000),('43960303939',5,90,95,1258686000),('43960337531',5,90,95,1084334400),('43960333048',5,90,95,1018843200),('43761119479',5,90,95,1017892800),('44367657119',5,90,95,847335600),('43960276729',5,90,95,1166756400),('43960297734',5,90,95,1235012400),('43960228392',5,90,95,1026792000),('43960240562',5,90,95,1065153600),('43960220022',5,90,95,996811200),('43960223749',5,90,95,1008298800),('43960293917',5,90,95,989899200),('43960294441',5,90,95,1223438400),('43960345259',5,90,95,1512183600),('43960344961',5,90,95,1491793200),('44368289431',3,50,53,1112932800),('43960320353',3,50,53,1342497600),('43960279590',3,50,53,1208232000),('43960244878',3,50,53,777787200),('43960344953',3,50,53,1491447600),('43960232896',3,50,53,1045191600),('43960136358',3,50,53,746164800),('43960303203',3,50,53,1256094000),('43960345160',3,50,53,1493002800),('43960345178',3,50,53,1493002800),('43960308060',3,50,53,1276660800),('43960296703',3,50,53,1232420400),('43960324731',3,50,53,1371700800),('43960295090',3,50,53,1225940400),('43960319800',3,50,53,1339473600),('43960270674',3,50,53,1117339200),('43960236972',3,50,53,1049428800),('43960250673',3,50,53,1089950400),('43960312628',3,50,53,1301367600),('43565923006',3,50,53,1395284400),('43960268734',3,50,53,1142913600),('43960270380',3,50,53,1147924800),('43960294468',3,50,53,1223438400),('43960292899',3,50,53,1123214400),('44368488485',3,50,53,1213502400),('43960307462',3,50,53,1277092800),('43960281498',3,50,53,1205636400),('43960312679',3,50,53,1245902400),('43960344945',3,50,53,1491534000),('43960305710',3,50,53,1268103600),('43960300735',3,50,53,1272340800),('43960317441',3,50,53,1300158000),('43960304455',5,90,95,1497499200),('43960325819',5,90,95,1381201200),('43960320779',5,90,95,1345521600),('43960283156',5,90,95,1181016000),('43761313917',5,90,95,1491015600),('43960316100',5,90,95,1319079600),('43361123205',5,90,95,1253073600),('43760977730',5,90,95,1114056000),('44368491222',5,90,95,1245038400),('43960308493',5,90,95,1278043200),('43960289995',5,90,95,1208404800),('46760988937',5,90,95,1126497600),('43960300581',5,90,95,1242100800),('43960318634',5,90,95,1332212400),('43960238983',5,90,95,1245038400),('43960251556',5,90,95,1092628800),('43960288328',5,90,95,1203476400),('43960286414',5,90,95,1196823600),('43960345151',5,90,95,1493089200),('43960324600',5,90,95,1211947200),('35760689996',5,90,95,1098846000),('43960245815',5,90,95,1077678000),('43960266367',5,90,95,1210564800),('29760023041',5,90,95,1203044400),('43960316550',5,90,95,1208232000),('43960308396',5,90,95,1277784000),('43760921158',5,90,95,1200366000),('43960318766',5,90,95,1170298800),('43960282834',5,90,95,1179806400),('32560553691',5,90,95,1427598000),('43960239262',5,90,95,1031198400),('43761005210',5,90,95,1141700400),('43960289502',5,90,95,1206936000),('43960282931',5,90,95,1180065600),('43960306296',5,90,95,1270699200),('43960300930',5,90,95,1243483200),('43960261594',5,90,95,1125460800),('43960320949',5,90,95,1231988400),('43361069308',5,90,95,1187064000),('43960281277',5,90,95,1176350400),('43960309287',5,90,95,1279684800),('43960345372',5,90,95,1493953200),('43960318570',5,90,95,1231988400),('43960309295',5,90,95,1280203200),('43960283547',5,90,95,1502424000),('43960301898',5,90,95,1284955200),('43960302223',5,90,95,1250740800),('43960344724',5,90,95,1271736000),('43960327994',5,90,95,1271044800);
/*!40000 ALTER TABLE `cuenta` ENABLE KEYS */;
UNLOCK TABLES;

--
-- Table structure for table `cuenta_persona`
--

DROP TABLE IF EXISTS `cuenta_persona`;
/*!40101 SET @saved_cs_client     = @@character_set_client */;
/*!40101 SET character_set_client = utf8 */;
CREATE TABLE `cuenta_persona` (
  `idcuenta` int(11) NOT NULL AUTO_INCREMENT,
  `ncuenta` varchar(20) DEFAULT NULL,
  `rut_titular` varchar(8) DEFAULT NULL,
  `rut_titularc` varchar(8) DEFAULT NULL,
  PRIMARY KEY (`idcuenta`),
  KEY `rut_titular` (`rut_titular`),
  KEY `ncuenta` (`ncuenta`)
) ENGINE=MyISAM AUTO_INCREMENT=137 DEFAULT CHARSET=utf8 PACK_KEYS=0;
/*!40101 SET character_set_client = @saved_cs_client */;

--
-- Dumping data for table `cuenta_persona`
--

LOCK TABLES `cuenta_persona` WRITE;
/*!40000 ALTER TABLE `cuenta_persona` DISABLE KEYS */;
INSERT INTO `cuenta_persona` VALUES (1,'43960233973','5569365','5569365'),(2,'43960292694','5720512','5720512'),(3,'43960338465','5868879','5868879'),(4,'44361551211','6770835','6770835'),(5,'43761316258','7324184','7324184'),(6,'35161512000','8335124','8335124'),(7,'43960345313','10232251','10232251'),(8,'43960298285','10685199','10685199'),(9,'43960329482','11199931','11199931'),(10,'43960345305','11231977','11231977'),(11,'43960298986','12056201','12056201'),(12,'43960291663','12371954','12371954'),(13,'27060030133','9769172','9769172'),(14,'43760895890','11766726','11766726'),(15,'43960292872','12373202','12373202'),(16,'43960297629','12374904','12374904'),(17,'43960338392','12607089','12607089'),(18,'43960318782','12788642','12788642'),(19,'43960296479','12927537','12927537'),(20,'43960282354','13291399','13291399'),(21,'4396033080','13787766','13787766'),(22,'43960332351','14235744','14235744'),(23,'43960303670','15150755','15150755'),(24,'43960269617','15150728','15150728'),(25,'43960316682','17147026','17147026'),(26,'43960306423','17170503','17170503'),(27,'43960327056','18360333','18360333'),(28,'44361534210','3497769','3497769'),(29,'43960265158','4427339','4427339'),(30,'43960304048','5254743','5254743'),(31,'43960297998','6968787','6968787'),(32,'43960292465','7325713','7325713'),(33,'43960322941','7326930','7326930'),(34,'43960345330','7454262','7454262'),(35,'43960276680','7632930','7632930'),(36,'36763261705','8169306','8169306'),(37,'43960343540','9681700','9681700'),(38,'43960345135','10282533','10282533'),(39,'34860488800','10994726','10994726'),(40,'43760888584','11072305','11072305'),(41,'43960303939','11286176','11286176'),(42,'43960337531','11286239','11286239'),(43,'43960333048','11531411','11531411'),(44,'43761119479','11562139','11562139'),(45,'44367657119','11766869','11766869'),(46,'43960276729','11955523','11955523'),(47,'43960297734','12371817','12371817'),(48,'43960228392','12788618','12788618'),(49,'43960240562','13205808','13205808'),(50,'43960220022','13355596','13355596'),(51,'43960223749','13788169','13788169'),(52,'43960293917','13788242','13788242'),(53,'43960294441','13788890','13788890'),(54,'43960345259','15133736','15133736'),(55,'43960344961','15150745','15150745'),(56,'44368289431','4620985','4620985'),(57,'43960320353','4859722','4859722'),(58,'43960279590','8569549','8569549'),(59,'43960244878','9263299','9263299'),(60,'43960344953','9564869','9564869'),(61,'43960232896','9918731','9918731'),(62,'43960136358','10670394','10670394'),(63,'43960303203','10947598','10947598'),(64,'43960345160','12374039','12374039'),(65,'43960345178','12591442','12591442'),(66,'43960308060','12728180','12728180'),(67,'43960296703','12788508','12788508'),(68,'43960324731','12788745','12788745'),(69,'43960295090','13205792','13205792'),(70,'43960319800','13788300','13788300'),(71,'43960270674','14021145','14021145'),(72,'43960236972','14341821','14341821'),(73,'43960250673','10229629','10229629'),(74,'43960312628','14902356','14902356'),(75,'43565923006','15135646','15135646'),(76,'43960268734','15149750','15149750'),(77,'43960270380','15150270','15150270'),(78,'43960294468','16294042','16294042'),(79,'43960292899','16531299','16531299'),(80,'44368488485','16538396','16538396'),(81,'43960307462','16541973','16541973'),(82,'43960281498','16541974','16541974'),(83,'43960312679','16793219','16793219'),(84,'43960344945','17498565','17498565'),(85,'43960305710','17886428','17886428'),(86,'43960300735','18707841','18707841'),(87,'43960317441','8499307','8499307'),(88,'43960304455','11766914','11766914'),(89,'43960325819','5003999','5003999'),(90,'43960320779','6263377','6263377'),(91,'43960283156','6467141','6467141'),(92,'43761313917','6574708','6574708'),(93,'43960316100','6620999','6620999'),(94,'43361123205','6720603','6720603'),(95,'43760977730','6936692','6936692'),(96,'44368491222','7406156','7406156'),(97,'43960308493','8257017','8257017'),(98,'43960289995','9300074','9300074'),(99,'46760988937','10545441','10545441'),(100,'43960300581','10915740','10915740'),(101,'43960318634','11199842','11199842'),(102,'43960238983','11199965','11199965'),(103,'43960251556','11531333','11531333'),(104,'43960288328','13466350','13466350'),(105,'43960286414','14021153','14021153'),(106,'43960345151','12101415','12101415'),(107,'43960324600','12372141','12372141'),(108,'35760689996','12586889','12586889'),(109,'43960245815','13355345','13355345'),(110,'43960266367','13576138','13576138'),(111,'29760023041','13788054','13788054'),(112,'43960316550','13788251','13788251'),(113,'43960308396','14021325','14021325'),(114,'43760921158','14354968','14354968'),(115,'43960318766','14565368','14565368'),(116,'43960282834','15150255','15150255'),(117,'32560553691','14021067','14021067'),(118,'43960239262','15570928','15570928'),(119,'43761005210','15923176','15923176'),(120,'43960289502','16005947','16005947'),(121,'43960282931','16006103','16006103'),(122,'43960306296','16294284','16294284'),(123,'43960300930','16294306','16294306'),(124,'43960261594','16537644','16537644'),(125,'43960320949','16541718','16541718'),(126,'43361069308','16541740','16541740'),(127,'43960281277','16542230','16542230'),(128,'43960309287','16793633','16793633'),(129,'43960345372','16837635','16837635'),(130,'43960318570','17147041','17147041'),(131,'43960309295','17147260','17147260'),(132,'43960283547','17160838','17160838'),(133,'43960301898','17498021','17498021'),(134,'43960302223','17522046','17522046'),(135,'43960344724','18112476','18112476'),(136,'43960327994','18359731','18359731');
/*!40000 ALTER TABLE `cuenta_persona` ENABLE KEYS */;
UNLOCK TABLES;

--
-- Table structure for table `deficit_habitacional`
--

DROP TABLE IF EXISTS `deficit_habitacional`;
/*!40101 SET @saved_cs_client     = @@character_set_client */;
/*!40101 SET character_set_client = utf8 */;
CREATE TABLE `deficit_habitacional` (
  `iddeficit` int(11) NOT NULL AUTO_INCREMENT,
  `deficit` varchar(20) DEFAULT NULL,
  PRIMARY KEY (`iddeficit`)
) ENGINE=MyISAM AUTO_INCREMENT=4 DEFAULT CHARSET=utf8 PACK_KEYS=0;
/*!40101 SET character_set_client = @saved_cs_client */;

--
-- Dumping data for table `deficit_habitacional`
--

LOCK TABLES `deficit_habitacional` WRITE;
/*!40000 ALTER TABLE `deficit_habitacional` DISABLE KEYS */;
INSERT INTO `deficit_habitacional` VALUES (1,'Bajo'),(2,'Medio'),(3,'Alto');
/*!40000 ALTER TABLE `deficit_habitacional` ENABLE KEYS */;
UNLOCK TABLES;

--
-- Table structure for table `direccion`
--

DROP TABLE IF EXISTS `direccion`;
/*!40101 SET @saved_cs_client     = @@character_set_client */;
/*!40101 SET character_set_client = utf8 */;
CREATE TABLE `direccion` (
  `iddireccion` int(11) NOT NULL AUTO_INCREMENT,
  `calle` varchar(50) DEFAULT NULL,
  `numero` int(5) DEFAULT NULL,
  `idcomuna` int(5) DEFAULT NULL,
  `localidad` varchar(70) DEFAULT NULL,
  `estado` tinyint(1) DEFAULT '1',
  `rutpersona` varchar(8) DEFAULT NULL,
  PRIMARY KEY (`iddireccion`),
  KEY `rutpersona` (`rutpersona`),
  KEY `idcomuna` (`idcomuna`)
) ENGINE=MyISAM AUTO_INCREMENT=139 DEFAULT CHARSET=utf8 PACK_KEYS=0;
/*!40101 SET character_set_client = @saved_cs_client */;

--
-- Dumping data for table `direccion`
--

LOCK TABLES `direccion` WRITE;
/*!40000 ALTER TABLE `direccion` DISABLE KEYS */;
INSERT INTO `direccion` VALUES (1,'CALLE RAUL LAGOS LAGOS',887,7407,'VILLA ALEGRE',1,'5569365'),(2,'serafin gutierrez ',232,7407,'villa alegre',1,'14165260'),(3,'PASAJE 4 SOLDADO NICANOR GANGAS',143,7407,'POBL. LOS CONQUISTADORES III',1,'5720512'),(4,'PJE 3 SOLDADO WENCESLAO ENCINA',162,7407,'LOS CONQUISTADORES III',1,'5868879'),(5,'GUIONES GRANDE ',13,7407,'GUIONES',1,'6770835'),(6,'PJE NARANJAL ',204,7407,'V SANTA TERESA',1,'7324184'),(7,'PSAJ LOS ANDES ',274,7407,'POBL BERNARDO O\"HIGGINS',1,'8335124'),(8,'CALLE ALBERTO DEL PEDREGAL',305,7407,'POBL. MANUEL SALVADOR DEL CAMPO',1,'10232251'),(9,'PSJ 4 SOLDADO NICANOR GANGAS',150,7407,'LOS CONQUISTADORES III',1,'10685199'),(10,'PJE 1 VICENTE VASQUEZ',135,7407,'LOS CONQUISTADORES III',1,'11199931'),(11,'PJE 7 ',138,7407,'LOS CONQUISTADORES III',1,'11231977'),(12,'ALCALDE LUIS LEON ',254,7407,'VILLA MANANTIAL',1,'12056201'),(13,'PJE MISAEL GONZALEZ ',329,7407,'POBL. VIDA NUEVA',1,'12371954'),(14,'ALC. JUAN M ESPINOZA ',266,7407,'POBL. ANA RODRIGUEZ DE LOBOS',1,'12373202'),(15,'asd',123,7401,'ad',1,'16837044'),(16,'CALLE ADRIANA GARCIA LOBOS ',699,7407,'DON SEBASTIAN',1,'9769172'),(17,'PSJ 3 SOLDADO WENCESLAO ENCINA',158,7407,'POBL LOS CONQUISTADORES',1,'11766726'),(18,'PSJ 5 SOLDADO VICTOR CIFUENTES',146,7407,'LOS CONQUISTADORES',1,'12374904'),(19,'PSJ 1 BERTA WIFF DEÑL CAMPO ',348,7407,'DON SEBASTIAN',1,'12788642'),(20,'PSJ MISAEL GONZALEZ',354,7407,'POBL. VIDA NUEVA',1,'12927537'),(21,'PSAJ RAUL PINO PINO',171,7407,'POBL. VIDA NUEVA ',1,'13291399'),(22,'CALLE EL ALFEREZ',84,7407,'POBL.LOS CONQUISTADORES',1,'13787766'),(23,'PSJE 2 SOLDADO ZACARIAS ESCOBAR',171,7407,'POBL. LOS CONQUISTADORES',1,'14235744'),(24,'3 NORTE ESQUINA 3 ORIENTE S/N',0,7407,'ESTACION VILLA ALEGRE',1,'15150755'),(25,'CALLE EL ALFEREZ ',301,7407,'POBL. LOS CONQUISTADORES',1,'15150728'),(26,'PSJE ALFREDO COFRE  LARA ',148,7407,'ANA RODRIGUEZ DE LOBOS ',1,'17147026'),(27,'PSJE OFELIA RODRIGUEZ DEL CAMPO ',1130,7407,'POBL. FELIPE CAMIROAGA ',1,'17170503'),(28,'CALLE REGIDORA ALICIA CARRILLO',1067,7407,'POBL. DON JORGE',1,'18360333'),(29,'AVDA. LA PAZ',209,7407,'VILLA ALEGRE.',1,'3497769'),(30,'ARTESANOS',232,7407,'VILLA ALEGRE',1,'4427339'),(31,'CALLE RICARDO SILVA',170,7407,'POBL. JOSE ILIC',1,'5254743'),(32,'CALLE 2 ',182,7407,'POBL. LOS CONQUISTADORES III',1,'6968787'),(33,'CALLE EL ALFEREZ',196,7407,'POBL. LOS CONQUISTADORES',1,'7325713'),(34,'PSJE RAUL PINO PINO',206,7407,'POBL. VIDA NUEVA',1,'7326930'),(35,'PSJE 4 SOLDADO NICANOR GANGAS',155,7407,'POBL. LOS CONQUISTADORES',1,'7454262'),(36,'PJE ALFREDO ILLANES',11,7407,'POBL. MANUEL SALVADOR DEL CAMPO',1,'7632930'),(37,'PJE MISAEL GONZALEZ',236,7407,'POBL. VIDA NUEVA',1,'8169306'),(38,'PSJE 2 SOLDADO ZACARIAS ESCOBAR',151,7407,'POBL. LOS CONQUISTADORES',1,'9681700'),(39,'PJE 2 SOLDADO ZACARIAS ESCOBAR',163,7407,'POBL. LOS CONQUISTADORES',1,'10282533'),(40,'PJE 1 SOLDADO VICENTE VASQUEZ',162,7407,'POBL. LOS CONQUISTADORES',1,'10994726'),(41,'PASAJE GUANAY ',146,7407,'POBL. LOS CONQUISTADORES',1,'11072305'),(42,'PJE MISAEL GONZALEZ',333,7407,'POBL. VIDA NUEVA',1,'11286176'),(43,'PASAJE 5 SOLDADO VICTOR CIFUENTES',135,7407,'POBL. LOS CONQUISTADORES',1,'11286239'),(44,'PJE BOLONIA',175,7407,'POBL. LOS CONQUISTADORES',1,'11531411'),(45,'PJE MISAEL GONZALEZ',233,7407,'POBL. VIDA NUEVA',1,'11562139'),(46,'PJE. CPTAN. DIEGO DE ROZAS',190,7407,'POBL. LOS CONQUISTADORES',1,'11766869'),(47,'PJE RAUL PINO PINO',317,7407,'POBL. VIDA NUEVA',1,'11766914'),(48,'PJE 5 VICTOR CIFUENTES',142,7407,'POBL. LOS CONQUISTADORES',1,'11955523'),(49,'CALLE 1 ANDRES CASTILLO MUÑOZ',162,7407,'POBL. LOS CONQUISTADORES',1,'12371817'),(50,'PJE MISAEL GONZALEZ',225,7407,'POBL. VIDA NUEVA',1,'12788618'),(51,'PJE MISAEL GONZALEZ',346,7407,'POBL. VIDA NUEVA',1,'13205808'),(52,'CALLE EL ALFEREZ',80,7407,'POBL. LOS CONQUISTADORES',1,'13355596'),(53,'PJE BOLONIA',191,7407,'POBL. LOS CONQUISTADORES',1,'13788169'),(54,'CALLE 1 ANDRES CASTILLO MUÑOZ',158,7407,'POBL. LOS CONQUISTADORES',1,'13788242'),(55,'2 OTE ',183,7407,'ESTACION VILLA ALEGRE',1,'13788890'),(56,'CALLE ALFEREZ',140,7407,'POBL. LOS CONQUISTADORES',1,'15133736'),(57,'CALLE EL ALFEREZ',156,7407,'POBL. LOS CONQUISTADORES',1,'15150745'),(58,'CALLE RAUL ORELLANA VASQUEZ',691,7407,'POBL. FELIPE CAMIROAGA',1,'4620985'),(59,'PJE CARLOS TOLEDO MUÑOZ',1055,7407,'POBL. DON JORGE',1,'4859722'),(60,'CALLE ROSALINO TAPIA SALAS',1247,7407,'POBL. FELIPE CAMIROAGA',1,'8569549'),(61,'PJE 3 ARMANDO DE RAMON',109,7407,'POBL, LOS CONQUISTADORES',1,'9263299'),(62,'PJE HERNAN LOBOS ARIAS',616,7407,'POBL. ANA RODRIGUEZ DE LOBOS',1,'9564869'),(63,'PJE CARMELA ROJAS SANDOVAL',1171,7407,'POBL. FELIPE CAMIROAGA',1,'9918731'),(64,'PJE OFELIA RODRIGUEZ DEL CAMPO',1100,7407,'POBL. FELIPE CAMIROAGA',1,'10670394'),(65,'PJE RAMON URRUTIA',1030,7407,'POBL. JULIO TAPIA',1,'10947598'),(66,'PJE OFELIA RODRIGUEZ ',1224,7407,'POBL. FELIPE CAMIROAGA',1,'12374039'),(67,'PJE SERGIO BUSTAMANTE',1219,7407,'POBL. FELIPE CAMIROAGA',1,'12591442'),(68,'CALLE ENRIQUE ROJAS',1147,7407,'POBL. FELIPE CAMIROAGA',1,'12728180'),(69,'PJE OFELIA FRODRIGUEZ',1101,7407,'POBL. FELIPE CAMIROAGA',1,'12788508'),(70,'CALLE ROSALINO TAPIA',596,7407,'POBL. FELIPE CAMIROAGA',1,'12788745'),(71,'PJE OFELIA RODRIGUEZ',1147,7407,'POBL. FELIPE CAMIROAGA',1,'13205792'),(72,'PJE ERASMO SALAZAR',1055,7407,'POBL. FELIPE CAMIROAGA',1,'13788300'),(73,'CARMELA ROJAS S.',1132,7407,'POBL. DON JORGE',1,'14021145'),(74,'CALLE ELIANA ILLANEZ',986,7407,'POBL. FELIPE CAMIROAGA',1,'14341821'),(75,'CALLE PADRE ERASMO SALAZAR ARAVENA ',1006,7407,'FELIPE CAMIROAGA ',1,'14902356'),(76,'PJE OFELIA RODRIGUEZ ',1141,7407,'POBL. FELIPE CAMIROAGA',1,'10229629'),(77,'PJE CARLOS TOLEDO',1013,7407,'POBL. FELIPE CAMIROAGA',1,'15135646'),(78,'PJE MANUEL CRUZAT',1147,7407,'POBL. FELIPE CAMIROAGA',1,'15149750'),(79,'PJE. SERGIO BUSTAMANTE',1088,7407,'POBL. FELIPE CAMIROAGA',1,'15150270'),(80,'CALLE ROSALINO TAPIA',1136,7407,'POBL. FELIPE CAMIROAGA',1,'16294042'),(81,'PJE. CARMELA ROJAS',1125,7407,'POBL. FELIPE CAMIROAGA',1,'16531299'),(82,'PJE. OFELIA RODRIGUEZ',1200,7407,'POBL. FELIPE CAMIROAGA',1,'16538396'),(83,'PJE MANUEL CRUZAT',1176,7407,'POBL. FELIPE CAMIROAGA',1,'16541973'),(84,'CALLE ROSALINO TAPIA',560,7407,'POBL. JULIO TAPIA',1,'16541974'),(85,'PJE DIACONO RAUL BUSTAMANTE',1030,7407,'POBL. JULIO TAPIA',1,'16793219'),(86,'CALLE ENRIQUE ROJAS',1188,7407,'POBL. FELIPE CAMIROAGA',1,'17498565'),(87,'PJE CARMELA ROJAS',1147,7407,'POBL. FELIPE CAMIROAGA',1,'17886428'),(88,'CALLE CARMELA ROJAS',1168,7407,'POBL. FELIPE CAMIROAGA',1,'18707841'),(89,'PJE DIACONO RAUL BUSTAMANTE',1134,7407,'POBL. FELIPE CAMIROAGA',1,'8499307'),(90,'CALLE INES URRUTIA',656,7407,'POBL. FELIPE CAMIROAGA',1,'5003999'),(91,'PJE CARLOS TOLEDO',1140,7407,'POBL. DON JORGE',1,'6263377'),(92,'LONCOMILLA SUR',0,7407,'LONCOMILLA SUR',1,'6467141'),(93,'CALLE ENRIQUE ROJAS',1207,7407,'POBL. FELIPE CAMIROAGA',1,'6574708'),(94,'CALLE RAUL ORELLANA',649,7407,'POBL. FELIPE CAMIROAGA',1,'6620999'),(95,'CALLE ELIANA ILLANES F.',974,7407,'POBL. FELIPE CAMIROAGA',1,'6720603'),(96,'CALLE ENRIQUE ROJAS',1177,7407,'POBL. FELIPE CAMIROAGA',1,'6936692'),(97,'CALLE DRA. NINA SOTO',1052,7407,'POBL. FELIPE CAMIROAGA',1,'7406156'),(98,'CALLE RAUL ORELLANA',595,7407,'POBL. FELIPE CAMIROAGA',1,'8257017'),(99,'CALLE ROSALINO TAPIA S.',1218,7407,'POBL. FELIPE CAMIROAGA',1,'9300074'),(100,'AVDA. CERTENEJAS',300,7407,'CERTENEJAS',1,'10545441'),(101,'PJE MANUEL CRUZAT E',1258,7407,'POBL. FELIPE CAMIROAGA',1,'10915740'),(102,'CALLE ERASMO SALAZAR A',1012,7407,'POBL. FELIPE CAMIROAGA',1,'11199842'),(103,'CALLE ROSALINO TAPIA S',1213,7407,'POBL. FELIPE CAMIROAGA',1,'11199965'),(104,'PJE CARMELA ROJAS',1195,7407,'POBL. FELIPE CAMIROAGA',1,'11531333'),(105,'LOMAS DE LAS TORTILLAS',0,7407,'LOMA DE LAS TORTILLAS',1,'12607089'),(106,'CALLE 3',361,7407,'POBL. DON SEBASTIAN',1,'13466350'),(107,'CALLE 1 ADRIANA GARCIA LOBOS',700,7407,'POBL. DON SEBASTIAN',1,'14021153'),(108,'LONCOMILLA SUR ',0,7407,'LONCOMILLA ',1,'12101415'),(109,'CALLE ROSALINO TAPIA S.',1264,7407,'POBL. FELIPE CAMIROAGA',1,'12372141'),(110,'PJE SERGIO BUSTAMANTE DEL C.',1112,7407,'POBL. FELIPE CAMIROAGA',1,'12586889'),(111,'CALLE ROSALINO TAPIA S.',1142,7407,'POBL. FELIPE CAMIROAGA',1,'13355345'),(112,'PJE. OFELIA RODRIGUEZ',1131,7407,'POBL. FELIPE CAMIROAGA',1,'13788054'),(113,'PJE. CARLOS TOLEDO MUÑOZ',1061,7407,'POBL. DON JORGE',1,'13788251'),(114,'CALLE ENRIQUE ROJAS E.',1253,7407,'POBL. FELIPE CAMIROAGA',1,'14021067'),(115,'CALLE ROSALINO TAPIA S.',1154,7407,'POBL. FELIPE CAMIROAGA',1,'14021325'),(116,'PSJ SERGIO BUSTAMANTE ',1089,7407,'POBL. FELIPE CAMIROAGA',1,'14354968'),(117,'PSJ REBECA YAÑEZ GALDAMEZ',1001,7407,'FELIPE CAMIROAGA',1,'14565368'),(118,'CALLE DRA. NINA SOTO',1022,7407,'POBL. FELIPE CAMIROAGA',1,'15150255'),(119,'PJE. 3  MARIA HERNANDEZ ',588,7407,'VILLA EL TREN - EST. VILLA ALEGRE',1,'15570928'),(120,'PJE SERGIO BUSTAMANTE',1213,7407,'POBL. FELIPE CAMIROAGA',1,'15923176'),(121,'PJE CARMELA ROJAS',1120,7407,'POBL. FELIPE CAMIROAGA',1,'16005947'),(122,'PJE SERGIO BUSTAMANTE',1200,7407,'POBL. FELIPE CAMIROAGA',1,'16006103'),(123,'PJE SRGIO BUSTAMANTE',1107,7407,'POBL. FELIPE CAMIROAGA',1,'16294284'),(124,'PJE. MANUEL CRUZAT ENCINA',1170,7407,'POBL. FELIPE CAMIROAGA',1,'16294306'),(125,'PJE SERGIO BUSTAMANTE',1177,7407,'POBL. FELIPE CAMIROAGA',1,'16537644'),(126,'CALLE ERASMO SALAZAR',1108,7407,'POBL. FELIPE CAMIROAGA',1,'16541718'),(127,'CALLE DRA. NINA SOTO',1046,7407,'POBL. FELIPE CAMIROAGA',1,'16541740'),(128,'CALLE ENRIQUE ROJAS',1113,7407,'POBL. FEIPE CAMIROAGA',1,'16542230'),(129,'PJE. SERGIO BUSTAMANTE',1171,7407,'POBL. FELIPE CAMIROAGA',1,'16793633'),(130,'PJE. OFELIA RODRIGUEZ',1107,7407,'POBL. FELIPE CAMIROAGA',1,'16837635'),(131,'CALLE RAUL ORELLANA',691,7407,'POBL. FELIPE CAMIROAGA',1,'17147041'),(132,'PJE. CARLOS TOLEDO MUÑOZ',1007,7407,'POBL. FELIPE CAMIROAGA',1,'17147260'),(133,'PJE SERGIO BUSTAMANTE DEL CAMPO',1195,7407,'POBL. FELIPE CAMIROAGA',1,'17160838'),(134,'CALLE DOCTORA NINA SOTO ',1076,7407,'FELIPE CAMIROAGA ',1,'17498021'),(135,'PSJ REBECA YAÑEZ GALDAMEZ',995,7407,'FELIPE CAMIROAGA ',1,'17522046'),(136,'CALLE ROSALINO TAPIA SALAS ',1176,7407,'FELIPE CAMIROAGA ',1,'18112476'),(137,'PSJ SERGIO BUSTAMANTE DEL CAMPO ',1113,7407,'FELIPE CAMIROAGA',1,'18359731'),(138,'PJE OFELIA RODRIGUEZ',1119,7407,'POBL. FELIPE CAMIROAGA',1,'13576138');
/*!40000 ALTER TABLE `direccion` ENABLE KEYS */;
UNLOCK TABLES;

--
-- Table structure for table `documentos`
--

DROP TABLE IF EXISTS `documentos`;
/*!40101 SET @saved_cs_client     = @@character_set_client */;
/*!40101 SET character_set_client = utf8 */;
CREATE TABLE `documentos` (
  `id` int(11) NOT NULL,
  `nombre` varchar(100) DEFAULT NULL,
  `enlace` varchar(100) DEFAULT NULL,
  `directorio` int(11) DEFAULT NULL,
  PRIMARY KEY (`id`)
) ENGINE=MyISAM DEFAULT CHARSET=utf8 PACK_KEYS=0;
/*!40101 SET character_set_client = @saved_cs_client */;

--
-- Dumping data for table `documentos`
--

LOCK TABLES `documentos` WRITE;
/*!40000 ALTER TABLE `documentos` DISABLE KEYS */;
INSERT INTO `documentos` VALUES (1,'ANEXOS APU escala.docx','http://habitarq.vhn.cl/model/documentacion/ampliaciones/ANEXOS APU escala.docx',2),(32,'PPTO BASE AMPLIACIONES.xlsx','http://habitarq.vhn.cl/model/documentacion/ampliaciones/PPTO BASE AMPLIACIONES.xlsx',2),(12,'20160301_100029.jpg','http://habitarq.vhn.cl/model/documentacion/Ampliaciones/20160301_100029.jpg',8),(3,'Cotización de cadena acma 15x30.docx','http://habitarq.vhn.cl/model/documentacion/ampliaciones/Cotización de cadena acma 15x30.docx',2),(4,'cotizacion de viga de acero.docx','http://habitarq.vhn.cl/model/documentacion/ampliaciones/cotizacion de viga de acero.docx',2),(6,'ANEXO APU TABLERO ELECTRICO.docx','http://habitarq.vhn.cl/model/documentacion/mejoramiento /ANEXO APU TABLERO ELECTRICO.docx',3),(7,'ANEXO COMPLETO.docx','http://habitarq.vhn.cl/model/documentacion/mejoramiento /ANEXO COMPLETO.docx',3),(8,'ANEXO MORTERO NIVELACION..docx','http://habitarq.vhn.cl/model/documentacion/mejoramiento /ANEXO MORTERO NIVELACION..docx',3),(9,'ANEXOS APU preparacion piso para ceramica.docx','http://habitarq.vhn.cl/model/documentacion/mejoramiento /ANEXOS APU preparacion piso para ceramica.d',3),(33,'Comité de Ampl. casas chicas y otros.xlsx','http://habitarq.vhn.cl/model/documentacion/OTROS/Comité de Ampl. casas chicas y otros.xlsx',12),(13,'20171214_191720.jpg','http://habitarq.vhn.cl/model/documentacion/Reuniones/20171214_191720.jpg',5),(14,'20171214_191007.jpg','http://habitarq.vhn.cl/model/documentacion/Reuniones/20171214_191007.jpg',5),(15,'20171214_190928.jpg','http://habitarq.vhn.cl/model/documentacion/Reuniones/20171214_190928.jpg',5),(16,'20171220_161910.jpg','http://habitarq.vhn.cl/model/documentacion/Colector solar/20171220_161910.jpg',10),(17,'20160420_120249.jpg','http://habitarq.vhn.cl/model/documentacion/Colector solar/20160420_120249.jpg',10),(18,'20170908_104610.jpg','http://habitarq.vhn.cl/model/documentacion/Termico/20170908_104610.jpg',11),(19,'20170830_160309.jpg','http://habitarq.vhn.cl/model/documentacion/Termico/20170830_160309.jpg',11),(20,'20171120_122435.jpg','http://habitarq.vhn.cl/model/documentacion/Termico/20171120_122435.jpg',11),(21,'20171120_121835.jpg','http://habitarq.vhn.cl/model/documentacion/Termico/20171120_121835.jpg',11),(22,'20171108_160737.jpg','http://habitarq.vhn.cl/model/documentacion/Ampliaciones/20171108_160737.jpg',8),(27,'20171219_121326.jpg','http://habitarq.vhn.cl/model/documentacion/Ampliaciones/20171219_121326.jpg',8),(23,'20171220_160443.jpg','http://habitarq.vhn.cl/model/documentacion/Colector solar/20171220_160443.jpg',10),(25,'AMPLIACION EL PROGRESO 3.xlsx','http://habitarq.vhn.cl/model/documentacion/OTROS/AMPLIACION EL PROGRESO 3.xlsx',12),(26,'Ampl. N Esp. 4.xlsx','http://habitarq.vhn.cl/model/documentacion/OTROS/Ampl. N Esp. 4.xlsx',12),(28,'20171220_113754.jpg','http://habitarq.vhn.cl/model/documentacion/Ampliaciones/20171220_113754.jpg',8),(29,'20171218_121938.jpg','http://habitarq.vhn.cl/model/documentacion/Ampliaciones/20171218_121938.jpg',8),(30,'20171220_112013.jpg','http://habitarq.vhn.cl/model/documentacion/Mejoramientos/20171220_112013.jpg',9),(31,'PPTO MEJORAMIENTO.xlsx','http://habitarq.vhn.cl/model/documentacion/mejoramiento /PPTO MEJORAMIENTO.xlsx',3),(34,'2° PISO CH - 28,41.pdf','http://habitarq.vhn.cl/model/documentacion/MODELOS DE AMPLIACION/2° PISO CH - 28,41.pdf',13),(35,'2° PISO CH - 30,17.pdf','http://habitarq.vhn.cl/model/documentacion/MODELOS DE AMPLIACION/2° PISO CH - 30,17.pdf',13),(36,'2° PISO CH CAJON.pdf','http://habitarq.vhn.cl/model/documentacion/MODELOS DE AMPLIACION/2° PISO CH CAJON.pdf',13),(37,'2° PISO VN - 30,00.pdf','http://habitarq.vhn.cl/model/documentacion/MODELOS DE AMPLIACION/2° PISO VN - 30,00.pdf',13),(38,'B O´H - LADO.pdf','http://habitarq.vhn.cl/model/documentacion/MODELOS DE AMPLIACION/B O´H - LADO.pdf',13),(39,'CERTENEJAS - 2° PISO.pdf','http://habitarq.vhn.cl/model/documentacion/MODELOS DE AMPLIACION/CERTENEJAS - 2° PISO.pdf',13),(40,'CUNACO ATRAS.pdf','http://habitarq.vhn.cl/model/documentacion/MODELOS DE AMPLIACION/CUNACO ATRAS.pdf',13),(41,'FC - ATRAS 4 MTS.pdf','http://habitarq.vhn.cl/model/documentacion/MODELOS DE AMPLIACION/FC - ATRAS 4 MTS.pdf',13),(42,'MANANTIAL.pdf','http://habitarq.vhn.cl/model/documentacion/MODELOS DE AMPLIACION/MANANTIAL.pdf',13),(43,'MODELO A - 40,74.pdf','http://habitarq.vhn.cl/model/documentacion/MODELOS DE AMPLIACION/MODELO A - 40,74.pdf',13),(44,'MODELO A - 43,41.pdf','http://habitarq.vhn.cl/model/documentacion/MODELOS DE AMPLIACION/MODELO A - 43,41.pdf',13),(45,'MODELO CAJON 40,74.pdf','http://habitarq.vhn.cl/model/documentacion/MODELOS DE AMPLIACION/MODELO CAJON 40,74.pdf',13),(46,'MODELO CAJON 43,41.pdf','http://habitarq.vhn.cl/model/documentacion/MODELOS DE AMPLIACION/MODELO CAJON 43,41.pdf',13),(47,'VN - ATRAS.pdf','http://habitarq.vhn.cl/model/documentacion/MODELOS DE AMPLIACION/VN - ATRAS.pdf',13),(48,'DON SEBASTIAN - ATRAS 4 mts.pdf','http://habitarq.vhn.cl/model/documentacion/MODELOS DE AMPLIACION/DON SEBASTIAN - ATRAS 4 mts.pdf',13),(49,'ATRAS VILLA EL TREN.pdf','http://habitarq.vhn.cl/model/documentacion/MODELOS DE AMPLIACION/ATRAS VILLA EL TREN.pdf',13),(50,'GUADALUPE CORNEJO.pdf','http://habitarq.vhn.cl/model/documentacion/MODELOS DE AMPLIACION/GUADALUPE CORNEJO.pdf',13),(51,'JUANA SOBARZO.pdf','http://habitarq.vhn.cl/model/documentacion/MODELOS DE AMPLIACION/JUANA SOBARZO.pdf',13),(52,'LUIS AMIGO.pdf','http://habitarq.vhn.cl/model/documentacion/MODELOS DE AMPLIACION/LUIS AMIGO.pdf',13),(53,'MANUEL SOTELO.pdf','http://habitarq.vhn.cl/model/documentacion/MODELOS DE AMPLIACION/MANUEL SOTELO.pdf',13),(54,'MARYAM SALGADO.pdf','http://habitarq.vhn.cl/model/documentacion/MODELOS DE AMPLIACION/MARYAM SALGADO.pdf',13),(55,'PAMELA LIZAMA.pdf','http://habitarq.vhn.cl/model/documentacion/MODELOS DE AMPLIACION/PAMELA LIZAMA.pdf',13);
/*!40000 ALTER TABLE `documentos` ENABLE KEYS */;
UNLOCK TABLES;

--
-- Table structure for table `documentos_cat`
--

DROP TABLE IF EXISTS `documentos_cat`;
/*!40101 SET @saved_cs_client     = @@character_set_client */;
/*!40101 SET character_set_client = utf8 */;
CREATE TABLE `documentos_cat` (
  `idcat` int(11) NOT NULL,
  `dir` varchar(100) DEFAULT NULL,
  `parent` int(11) DEFAULT NULL,
  PRIMARY KEY (`idcat`)
) ENGINE=MyISAM DEFAULT CHARSET=utf8 PACK_KEYS=0;
/*!40101 SET character_set_client = @saved_cs_client */;

--
-- Dumping data for table `documentos_cat`
--

LOCK TABLES `documentos_cat` WRITE;
/*!40000 ALTER TABLE `documentos_cat` DISABLE KEYS */;
INSERT INTO `documentos_cat` VALUES (1,'presupuestos tipo 2017',0),(2,'ampliaciones',1),(3,'mejoramiento ',1),(4,'Fotos',0),(5,'Reuniones',4),(6,'Obras',4),(7,'Rurales',4),(8,'Ampliaciones',6),(9,'Mejoramientos',6),(10,'Colector solar',6),(11,'Termico',6),(12,'OTROS',0),(13,'MODELOS DE AMPLIACION',0),(14,'TITULOS',0);
/*!40000 ALTER TABLE `documentos_cat` ENABLE KEYS */;
UNLOCK TABLES;

--
-- Table structure for table `documentos_obra`
--

DROP TABLE IF EXISTS `documentos_obra`;
/*!40101 SET @saved_cs_client     = @@character_set_client */;
/*!40101 SET character_set_client = utf8 */;
CREATE TABLE `documentos_obra` (
  `iddocumento` int(11) NOT NULL,
  `nombredoc` varchar(100) DEFAULT NULL,
  `link` varchar(100) DEFAULT NULL,
  `idgrupo` int(11) DEFAULT NULL,
  PRIMARY KEY (`iddocumento`)
) ENGINE=MyISAM DEFAULT CHARSET=utf8 PACK_KEYS=0;
/*!40101 SET character_set_client = @saved_cs_client */;

--
-- Dumping data for table `documentos_obra`
--

LOCK TABLES `documentos_obra` WRITE;
/*!40000 ALTER TABLE `documentos_obra` DISABLE KEYS */;
INSERT INTO `documentos_obra` VALUES (1,'Análisis.docx','http://habitarq.vhn.cl/model/obras/2000/Análisis.docx',1);
/*!40000 ALTER TABLE `documentos_obra` ENABLE KEYS */;
UNLOCK TABLES;

--
-- Table structure for table `ds10`
--

DROP TABLE IF EXISTS `ds10`;
/*!40101 SET @saved_cs_client     = @@character_set_client */;
/*!40101 SET character_set_client = utf8 */;
CREATE TABLE `ds10` (
  `id` int(11) NOT NULL AUTO_INCREMENT,
  `tipo` varchar(20) DEFAULT NULL,
  PRIMARY KEY (`id`)
) ENGINE=MyISAM AUTO_INCREMENT=3 DEFAULT CHARSET=utf8 PACK_KEYS=0;
/*!40101 SET character_set_client = @saved_cs_client */;

--
-- Dumping data for table `ds10`
--

LOCK TABLES `ds10` WRITE;
/*!40000 ALTER TABLE `ds10` DISABLE KEYS */;
INSERT INTO `ds10` VALUES (1,'Regular'),(2,'Rural');
/*!40000 ALTER TABLE `ds10` ENABLE KEYS */;
UNLOCK TABLES;

--
-- Table structure for table `egis`
--

DROP TABLE IF EXISTS `egis`;
/*!40101 SET @saved_cs_client     = @@character_set_client */;
/*!40101 SET character_set_client = utf8 */;
CREATE TABLE `egis` (
  `idegis` int(11) NOT NULL AUTO_INCREMENT,
  `rut` varchar(12) DEFAULT NULL,
  `nombre` varchar(100) DEFAULT NULL,
  `direccion` varchar(100) DEFAULT NULL,
  `fono` int(15) DEFAULT NULL,
  `correo` varchar(30) DEFAULT NULL,
  `idcomuna` int(11) DEFAULT NULL,
  PRIMARY KEY (`idegis`),
  UNIQUE KEY `rut` (`rut`),
  KEY `tipoegis` (`nombre`)
) ENGINE=MyISAM AUTO_INCREMENT=2 DEFAULT CHARSET=utf8 PACK_KEYS=0;
/*!40101 SET character_set_client = @saved_cs_client */;

--
-- Dumping data for table `egis`
--

LOCK TABLES `egis` WRITE;
/*!40000 ALTER TABLE `egis` DISABLE KEYS */;
INSERT INTO `egis` VALUES (1,'1-1','E.P. Habitarq SpA','Manuel Rodriguez N° 133',123,'habitarq@gmail.com',7407);
/*!40000 ALTER TABLE `egis` ENABLE KEYS */;
UNLOCK TABLES;

--
-- Table structure for table `estado_civil`
--

DROP TABLE IF EXISTS `estado_civil`;
/*!40101 SET @saved_cs_client     = @@character_set_client */;
/*!40101 SET character_set_client = utf8 */;
CREATE TABLE `estado_civil` (
  `idestadocivil` int(11) NOT NULL,
  `estado` varchar(20) DEFAULT NULL,
  PRIMARY KEY (`idestadocivil`)
) ENGINE=MyISAM DEFAULT CHARSET=utf8 PACK_KEYS=0;
/*!40101 SET character_set_client = @saved_cs_client */;

--
-- Dumping data for table `estado_civil`
--

LOCK TABLES `estado_civil` WRITE;
/*!40000 ALTER TABLE `estado_civil` DISABLE KEYS */;
INSERT INTO `estado_civil` VALUES (1,'Soltero'),(2,'Casado'),(3,'Divorciado'),(4,'Viudo');
/*!40000 ALTER TABLE `estado_civil` ENABLE KEYS */;
UNLOCK TABLES;

--
-- Table structure for table `estado_vivienda`
--

DROP TABLE IF EXISTS `estado_vivienda`;
/*!40101 SET @saved_cs_client     = @@character_set_client */;
/*!40101 SET character_set_client = utf8 */;
CREATE TABLE `estado_vivienda` (
  `idestado_vivienda` int(11) NOT NULL,
  `estado` varchar(20) DEFAULT NULL,
  PRIMARY KEY (`idestado_vivienda`)
) ENGINE=MyISAM DEFAULT CHARSET=utf8 PACK_KEYS=0;
/*!40101 SET character_set_client = @saved_cs_client */;

--
-- Dumping data for table `estado_vivienda`
--

LOCK TABLES `estado_vivienda` WRITE;
/*!40000 ALTER TABLE `estado_vivienda` DISABLE KEYS */;
INSERT INTO `estado_vivienda` VALUES (1,'Casa original'),(2,'Ampliacion');
/*!40000 ALTER TABLE `estado_vivienda` ENABLE KEYS */;
UNLOCK TABLES;

--
-- Table structure for table `eventos_calendario`
--

DROP TABLE IF EXISTS `eventos_calendario`;
/*!40101 SET @saved_cs_client     = @@character_set_client */;
/*!40101 SET character_set_client = utf8 */;
CREATE TABLE `eventos_calendario` (
  `idevento` int(11) NOT NULL,
  `titulo` varchar(20) DEFAULT NULL,
  `inicio` bigint(20) DEFAULT NULL,
  `final` bigint(20) DEFAULT NULL,
  `contenido` varchar(200) DEFAULT NULL,
  PRIMARY KEY (`idevento`)
) ENGINE=MyISAM DEFAULT CHARSET=utf8 PACK_KEYS=0;
/*!40101 SET character_set_client = @saved_cs_client */;

--
-- Dumping data for table `eventos_calendario`
--

LOCK TABLES `eventos_calendario` WRITE;
/*!40000 ALTER TABLE `eventos_calendario` DISABLE KEYS */;
INSERT INTO `eventos_calendario` VALUES (1,'FELIPE CAMIROAGA',1511820000,1511823600,'AMPLIACIÓN + MEJORAMIENTO INFORMATIVA'),(2,'TERMICO',1511906400,1511910000,'CUIDADO Y MANTENCIÓN'),(3,'PUTAGAN',1511992800,1511996400,'COLECTOR SOLAR NUEVO - INFORMATIVO'),(4,'RURAL',1512075600,1512086400,'OFICINA + SAN MANUEL');
/*!40000 ALTER TABLE `eventos_calendario` ENABLE KEYS */;
UNLOCK TABLES;

--
-- Table structure for table `factores_carencia`
--

DROP TABLE IF EXISTS `factores_carencia`;
/*!40101 SET @saved_cs_client     = @@character_set_client */;
/*!40101 SET character_set_client = utf8 */;
CREATE TABLE `factores_carencia` (
  `idfactor` int(11) NOT NULL AUTO_INCREMENT,
  `factor` varchar(20) DEFAULT NULL,
  PRIMARY KEY (`idfactor`)
) ENGINE=MyISAM AUTO_INCREMENT=6 DEFAULT CHARSET=utf8 PACK_KEYS=0;
/*!40101 SET character_set_client = @saved_cs_client */;

--
-- Dumping data for table `factores_carencia`
--

LOCK TABLES `factores_carencia` WRITE;
/*!40000 ALTER TABLE `factores_carencia` DISABLE KEYS */;
INSERT INTO `factores_carencia` VALUES (1,'Allegamiento'),(2,'Hacinamiento'),(3,'Falta de agua'),(4,'Tipo de vivienda'),(5,'Alcantarillado');
/*!40000 ALTER TABLE `factores_carencia` ENABLE KEYS */;
UNLOCK TABLES;

--
-- Table structure for table `feriados`
--

DROP TABLE IF EXISTS `feriados`;
/*!40101 SET @saved_cs_client     = @@character_set_client */;
/*!40101 SET character_set_client = utf8 */;
CREATE TABLE `feriados` (
  `idferiado` int(11) NOT NULL,
  `dia` bigint(20) DEFAULT NULL,
  `motivo` varchar(90) DEFAULT NULL,
  PRIMARY KEY (`idferiado`),
  UNIQUE KEY `dia` (`dia`)
) ENGINE=MyISAM DEFAULT CHARSET=utf8 PACK_KEYS=0;
/*!40101 SET character_set_client = @saved_cs_client */;

--
-- Dumping data for table `feriados`
--

LOCK TABLES `feriados` WRITE;
/*!40000 ALTER TABLE `feriados` DISABLE KEYS */;
INSERT INTO `feriados` VALUES (1,1483239600,'Día de año nuevo.'),(2,1505703600,'Fiestas Patrias'),(3,1495339200,'Glorias Navales'),(4,1505790000,'Glorias del Ejército'),(5,1514170800,'Navidad'),(6,1498708800,'San Pedro y San Pablo'),(7,1509505200,'Día de todos los santos'),(8,1507863600,'Día de la Raza');
/*!40000 ALTER TABLE `feriados` ENABLE KEYS */;
UNLOCK TABLES;

--
-- Table structure for table `ficha_factores`
--

DROP TABLE IF EXISTS `ficha_factores`;
/*!40101 SET @saved_cs_client     = @@character_set_client */;
/*!40101 SET character_set_client = utf8 */;
CREATE TABLE `ficha_factores` (
  `idficha_factores` int(11) NOT NULL AUTO_INCREMENT,
  `nficha` int(7) DEFAULT NULL,
  `factor` int(11) DEFAULT NULL,
  `valor` tinyint(1) DEFAULT NULL,
  PRIMARY KEY (`idficha_factores`),
  KEY `nficha` (`nficha`),
  KEY `factor` (`factor`)
) ENGINE=MyISAM AUTO_INCREMENT=701 DEFAULT CHARSET=utf8 PACK_KEYS=0;
/*!40101 SET character_set_client = @saved_cs_client */;

--
-- Dumping data for table `ficha_factores`
--

LOCK TABLES `ficha_factores` WRITE;
/*!40000 ALTER TABLE `ficha_factores` DISABLE KEYS */;
INSERT INTO `ficha_factores` VALUES (1,1,1,0),(2,1,2,0),(3,1,3,0),(4,1,4,0),(5,1,5,0),(6,2,1,1),(7,2,2,1),(8,2,3,0),(9,2,4,0),(10,2,5,0),(11,3,1,0),(12,3,2,0),(13,3,3,0),(14,3,4,0),(15,3,5,0),(16,4,1,0),(17,4,2,0),(18,4,3,0),(19,4,4,0),(20,4,5,0),(21,5,1,0),(22,5,2,0),(23,5,3,0),(24,5,4,0),(25,5,5,0),(26,6,1,0),(27,6,2,0),(28,6,3,0),(29,6,4,0),(30,6,5,0),(31,7,1,0),(32,7,2,1),(33,7,3,0),(34,7,4,0),(35,7,5,0),(36,8,1,0),(37,8,2,0),(38,8,3,0),(39,8,4,0),(40,8,5,0),(41,9,1,0),(42,9,2,0),(43,9,3,0),(44,9,4,0),(45,9,5,0),(46,10,1,0),(47,10,2,0),(48,10,3,0),(49,10,4,0),(50,10,5,0),(51,11,1,0),(52,11,2,0),(53,11,3,0),(54,11,4,0),(55,11,5,0),(56,12,1,0),(57,12,2,0),(58,12,3,0),(59,12,4,0),(60,12,5,0),(61,13,1,0),(62,13,2,0),(63,13,3,0),(64,13,4,0),(65,13,5,0),(66,14,1,0),(67,14,2,0),(68,14,3,0),(69,14,4,0),(70,14,5,0),(71,15,1,0),(72,15,2,0),(73,15,3,0),(74,15,4,0),(75,15,5,1),(76,16,1,0),(77,16,2,1),(78,16,3,0),(79,16,4,0),(80,16,5,0),(81,17,1,0),(82,17,2,0),(83,17,3,0),(84,17,4,0),(85,17,5,0),(86,18,1,0),(87,18,2,0),(88,18,3,0),(89,18,4,0),(90,18,5,0),(91,19,1,0),(92,19,2,0),(93,19,3,0),(94,19,4,0),(95,19,5,0),(96,20,1,0),(97,20,2,0),(98,20,3,0),(99,20,4,0),(100,20,5,0),(101,21,1,0),(102,21,2,0),(103,21,3,0),(104,21,4,0),(105,21,5,0),(106,22,1,0),(107,22,2,1),(108,22,3,0),(109,22,4,0),(110,22,5,0),(111,23,1,0),(112,23,2,0),(113,23,3,0),(114,23,4,0),(115,23,5,0),(116,24,1,0),(117,24,2,0),(118,24,3,0),(119,24,4,0),(120,24,5,0),(121,25,1,0),(122,25,2,0),(123,25,3,0),(124,25,4,0),(125,25,5,0),(126,26,1,0),(127,26,2,0),(128,26,3,0),(129,26,4,0),(130,26,5,0),(131,27,1,0),(132,27,2,0),(133,27,3,0),(134,27,4,0),(135,27,5,0),(136,28,1,0),(137,28,2,0),(138,28,3,0),(139,28,4,0),(140,28,5,0),(141,29,1,0),(142,29,2,0),(143,29,3,0),(144,29,4,0),(145,29,5,0),(146,30,1,0),(147,30,2,0),(148,30,3,0),(149,30,4,0),(150,30,5,0),(151,31,1,0),(152,31,2,0),(153,31,3,0),(154,31,4,0),(155,31,5,0),(156,32,1,0),(157,32,2,0),(158,32,3,0),(159,32,4,0),(160,32,5,0),(161,33,1,0),(162,33,2,0),(163,33,3,0),(164,33,4,0),(165,33,5,0),(166,34,1,0),(167,34,2,1),(168,34,3,0),(169,34,4,0),(170,34,5,0),(171,35,1,0),(172,35,2,0),(173,35,3,0),(174,35,4,0),(175,35,5,0),(176,36,1,0),(177,36,2,0),(178,36,3,0),(179,36,4,0),(180,36,5,0),(181,37,1,0),(182,37,2,0),(183,37,3,0),(184,37,4,0),(185,37,5,0),(186,38,1,0),(187,38,2,0),(188,38,3,0),(189,38,4,0),(190,38,5,0),(191,39,1,0),(192,39,2,0),(193,39,3,0),(194,39,4,0),(195,39,5,0),(196,40,1,0),(197,40,2,1),(198,40,3,0),(199,40,4,0),(200,40,5,0),(201,41,1,0),(202,41,2,0),(203,41,3,0),(204,41,4,0),(205,41,5,0),(206,42,1,0),(207,42,2,1),(208,42,3,0),(209,42,4,0),(210,42,5,0),(211,43,1,0),(212,43,2,1),(213,43,3,0),(214,43,4,0),(215,43,5,0),(216,44,1,0),(217,44,2,0),(218,44,3,0),(219,44,4,0),(220,44,5,0),(221,45,1,0),(222,45,2,0),(223,45,3,0),(224,45,4,0),(225,45,5,0),(226,46,1,0),(227,46,2,1),(228,46,3,0),(229,46,4,0),(230,46,5,0),(231,47,1,0),(232,47,2,0),(233,47,3,1),(234,47,4,0),(235,47,5,0),(236,48,1,0),(237,48,2,0),(238,48,3,0),(239,48,4,0),(240,48,5,0),(241,49,1,0),(242,49,2,1),(243,49,3,0),(244,49,4,0),(245,49,5,0),(246,50,1,0),(247,50,2,1),(248,50,3,0),(249,50,4,0),(250,50,5,0),(251,51,1,0),(252,51,2,1),(253,51,3,0),(254,51,4,0),(255,51,5,0),(256,52,1,0),(257,52,2,0),(258,52,3,0),(259,52,4,0),(260,52,5,0),(261,53,1,0),(262,53,2,1),(263,53,3,0),(264,53,4,0),(265,53,5,0),(266,54,1,0),(267,54,2,1),(268,54,3,0),(269,54,4,0),(270,54,5,0),(271,55,1,0),(272,55,2,1),(273,55,3,0),(274,55,4,0),(275,55,5,0),(276,56,1,0),(277,56,2,0),(278,56,3,0),(279,56,4,0),(280,56,5,0),(281,57,1,0),(282,57,2,1),(283,57,3,0),(284,57,4,0),(285,57,5,0),(286,58,1,0),(287,58,2,1),(288,58,3,0),(289,58,4,0),(290,58,5,0),(291,59,1,0),(292,59,2,0),(293,59,3,0),(294,59,4,0),(295,59,5,0),(296,60,1,0),(297,60,2,0),(298,60,3,0),(299,60,4,0),(300,60,5,0),(301,61,1,0),(302,61,2,0),(303,61,3,0),(304,61,4,0),(305,61,5,0),(306,62,1,0),(307,62,2,0),(308,62,3,0),(309,62,4,0),(310,62,5,0),(311,63,1,0),(312,63,2,0),(313,63,3,0),(314,63,4,0),(315,63,5,0),(316,64,1,0),(317,64,2,0),(318,64,3,0),(319,64,4,0),(320,64,5,0),(321,65,1,0),(322,65,2,0),(323,65,3,0),(324,65,4,0),(325,65,5,0),(326,66,1,0),(327,66,2,0),(328,66,3,0),(329,66,4,0),(330,66,5,0),(331,67,1,0),(332,67,2,0),(333,67,3,0),(334,67,4,0),(335,67,5,0),(336,68,1,0),(337,68,2,0),(338,68,3,0),(339,68,4,0),(340,68,5,0),(341,69,1,0),(342,69,2,0),(343,69,3,0),(344,69,4,0),(345,69,5,0),(346,70,1,0),(347,70,2,0),(348,70,3,0),(349,70,4,0),(350,70,5,0),(351,71,1,0),(352,71,2,0),(353,71,3,0),(354,71,4,0),(355,71,5,0),(356,72,1,0),(357,72,2,0),(358,72,3,0),(359,72,4,0),(360,72,5,0),(361,73,1,0),(362,73,2,0),(363,73,3,0),(364,73,4,0),(365,73,5,0),(366,74,1,0),(367,74,2,0),(368,74,3,0),(369,74,4,0),(370,74,5,0),(371,75,1,0),(372,75,2,0),(373,75,3,0),(374,75,4,0),(375,75,5,0),(376,76,1,0),(377,76,2,0),(378,76,3,0),(379,76,4,0),(380,76,5,0),(381,77,1,0),(382,77,2,0),(383,77,3,0),(384,77,4,0),(385,77,5,0),(386,78,1,0),(387,78,2,0),(388,78,3,0),(389,78,4,0),(390,78,5,0),(391,79,1,0),(392,79,2,0),(393,79,3,0),(394,79,4,0),(395,79,5,0),(396,80,1,0),(397,80,2,0),(398,80,3,0),(399,80,4,0),(400,80,5,0),(401,81,1,0),(402,81,2,0),(403,81,3,0),(404,81,4,0),(405,81,5,0),(406,82,1,0),(407,82,2,0),(408,82,3,0),(409,82,4,0),(410,82,5,0),(411,83,1,0),(412,83,2,0),(413,83,3,0),(414,83,4,0),(415,83,5,0),(416,84,1,0),(417,84,2,0),(418,84,3,0),(419,84,4,0),(420,84,5,0),(421,85,1,0),(422,85,2,0),(423,85,3,0),(424,85,4,0),(425,85,5,0),(426,86,1,0),(427,86,2,0),(428,86,3,0),(429,86,4,0),(430,86,5,0),(431,87,1,0),(432,87,2,0),(433,87,3,0),(434,87,4,0),(435,87,5,0),(436,88,1,0),(437,88,2,0),(438,88,3,0),(439,88,4,0),(440,88,5,0),(441,89,1,0),(442,89,2,0),(443,89,3,0),(444,89,4,0),(445,89,5,0),(446,90,1,0),(447,90,2,0),(448,90,3,0),(449,90,4,0),(450,90,5,0),(451,91,1,0),(452,91,2,0),(453,91,3,0),(454,91,4,0),(455,91,5,0),(456,92,1,0),(457,92,2,0),(458,92,3,0),(459,92,4,0),(460,92,5,0),(461,93,1,0),(462,93,2,0),(463,93,3,0),(464,93,4,0),(465,93,5,0),(466,94,1,0),(467,94,2,0),(468,94,3,0),(469,94,4,0),(470,94,5,0),(471,95,1,0),(472,95,2,0),(473,95,3,0),(474,95,4,0),(475,95,5,0),(476,96,1,0),(477,96,2,0),(478,96,3,0),(479,96,4,0),(480,96,5,0),(481,97,1,0),(482,97,2,0),(483,97,3,0),(484,97,4,0),(485,97,5,0),(486,98,1,0),(487,98,2,0),(488,98,3,0),(489,98,4,0),(490,98,5,0),(491,99,1,0),(492,99,2,0),(493,99,3,0),(494,99,4,0),(495,99,5,0),(496,100,1,0),(497,100,2,0),(498,100,3,0),(499,100,4,0),(500,100,5,0),(501,101,1,0),(502,101,2,1),(503,101,3,0),(504,101,4,0),(505,101,5,0),(506,102,1,0),(507,102,2,0),(508,102,3,0),(509,102,4,0),(510,102,5,0),(511,103,1,0),(512,103,2,0),(513,103,3,0),(514,103,4,0),(515,103,5,0),(516,104,1,0),(517,104,2,0),(518,104,3,0),(519,104,4,0),(520,104,5,0),(521,105,1,0),(522,105,2,1),(523,105,3,0),(524,105,4,0),(525,105,5,0),(526,106,1,0),(527,106,2,1),(528,106,3,0),(529,106,4,0),(530,106,5,0),(531,107,1,0),(532,107,2,0),(533,107,3,0),(534,107,4,0),(535,107,5,0),(536,108,1,0),(537,108,2,1),(538,108,3,0),(539,108,4,0),(540,108,5,0),(541,109,1,0),(542,109,2,0),(543,109,3,0),(544,109,4,0),(545,109,5,0),(546,110,1,0),(547,110,2,0),(548,110,3,0),(549,110,4,0),(550,110,5,0),(551,111,1,0),(552,111,2,1),(553,111,3,0),(554,111,4,0),(555,111,5,0),(556,112,1,0),(557,112,2,0),(558,112,3,0),(559,112,4,0),(560,112,5,0),(561,113,1,0),(562,113,2,0),(563,113,3,0),(564,113,4,0),(565,113,5,0),(566,114,1,0),(567,114,2,0),(568,114,3,0),(569,114,4,0),(570,114,5,0),(571,115,1,0),(572,115,2,0),(573,115,3,0),(574,115,4,0),(575,115,5,0),(576,116,1,0),(577,116,2,0),(578,116,3,0),(579,116,4,0),(580,116,5,0),(581,117,1,0),(582,117,2,1),(583,117,3,0),(584,117,4,0),(585,117,5,0),(586,118,1,0),(587,118,2,0),(588,118,3,0),(589,118,4,0),(590,118,5,0),(591,119,1,0),(592,119,2,1),(593,119,3,0),(594,119,4,0),(595,119,5,0),(596,120,1,0),(597,120,2,0),(598,120,3,0),(599,120,4,0),(600,120,5,0),(601,121,1,0),(602,121,2,0),(603,121,3,0),(604,121,4,0),(605,121,5,0),(606,122,1,0),(607,122,2,0),(608,122,3,0),(609,122,4,0),(610,122,5,0),(611,123,1,0),(612,123,2,0),(613,123,3,0),(614,123,4,0),(615,123,5,0),(616,124,1,0),(617,124,2,1),(618,124,3,0),(619,124,4,0),(620,124,5,0),(621,125,1,0),(622,125,2,0),(623,125,3,0),(624,125,4,0),(625,125,5,0),(626,126,1,0),(627,126,2,0),(628,126,3,0),(629,126,4,0),(630,126,5,0),(631,127,1,0),(632,127,2,0),(633,127,3,0),(634,127,4,0),(635,127,5,0),(636,128,1,0),(637,128,2,1),(638,128,3,0),(639,128,4,0),(640,128,5,0),(641,129,1,0),(642,129,2,0),(643,129,3,0),(644,129,4,0),(645,129,5,0),(646,130,1,0),(647,130,2,0),(648,130,3,0),(649,130,4,0),(650,130,5,0),(651,131,1,0),(652,131,2,1),(653,131,3,0),(654,131,4,0),(655,131,5,0),(656,132,1,0),(657,132,2,0),(658,132,3,0),(659,132,4,0),(660,132,5,0),(661,133,1,0),(662,133,2,1),(663,133,3,0),(664,133,4,0),(665,133,5,0),(666,134,1,0),(667,134,2,1),(668,134,3,0),(669,134,4,0),(670,134,5,0),(671,135,1,0),(672,135,2,0),(673,135,3,0),(674,135,4,0),(675,135,5,0),(676,136,1,0),(677,136,2,0),(678,136,3,0),(679,136,4,0),(680,136,5,0),(681,137,1,0),(682,137,2,1),(683,137,3,0),(684,137,4,0),(685,137,5,0),(686,138,1,0),(687,138,2,1),(688,138,3,0),(689,138,4,0),(690,138,5,0),(691,139,1,0),(692,139,2,1),(693,139,3,0),(694,139,4,0),(695,139,5,0),(696,140,1,0),(697,140,2,1),(698,140,3,0),(699,140,4,0),(700,140,5,0);
/*!40000 ALTER TABLE `ficha_factores` ENABLE KEYS */;
UNLOCK TABLES;

--
-- Table structure for table `focalizacion`
--

DROP TABLE IF EXISTS `focalizacion`;
/*!40101 SET @saved_cs_client     = @@character_set_client */;
/*!40101 SET character_set_client = utf8 */;
CREATE TABLE `focalizacion` (
  `idfocalizacion` int(11) NOT NULL,
  `rutpersona` varchar(8) DEFAULT NULL,
  `idgrupo` int(11) DEFAULT NULL,
  `adultos_mayores` tinyint(1) DEFAULT '0',
  `discapacidad` tinyint(1) DEFAULT '0',
  `hacinamiento` tinyint(1) DEFAULT '0',
  `acon_termico` tinyint(1) DEFAULT '0',
  `socavones` tinyint(1) DEFAULT '0',
  `xilofagos` tinyint(1) DEFAULT '0',
  `mts_original` tinyint(1) DEFAULT '0',
  `sis_term` tinyint(1) NOT NULL DEFAULT '0',
  `seg_estruct` tinyint(1) NOT NULL DEFAULT '0',
  `basic_elect` tinyint(1) NOT NULL DEFAULT '0',
  `basic_sanit` tinyint(1) NOT NULL DEFAULT '0',
  `basic_alcan` tinyint(1) NOT NULL DEFAULT '0',
  PRIMARY KEY (`idfocalizacion`),
  KEY `rutpersona` (`rutpersona`),
  KEY `rutpersona_2` (`rutpersona`,`idgrupo`),
  KEY `idgrupo` (`idgrupo`)
) ENGINE=MyISAM DEFAULT CHARSET=utf8 PACK_KEYS=0;
/*!40101 SET character_set_client = @saved_cs_client */;

--
-- Dumping data for table `focalizacion`
--

LOCK TABLES `focalizacion` WRITE;
/*!40000 ALTER TABLE `focalizacion` DISABLE KEYS */;
INSERT INTO `focalizacion` VALUES (1,'5003999',2,1,0,0,0,0,0,0,0,0,0,0,0),(2,'6263377',2,1,0,0,0,0,0,0,0,0,0,0,0),(3,'6467141',2,1,0,0,0,0,0,0,0,0,0,0,0),(4,'6574708',2,1,0,0,0,0,0,0,0,0,0,0,0),(5,'6620999',2,1,1,0,0,0,0,0,0,0,0,0,0),(6,'6720603',2,1,0,0,0,0,0,0,0,0,0,0,0),(7,'6936692',2,1,0,0,0,0,0,0,0,0,0,0,0),(8,'7406156',2,1,0,0,0,0,0,0,0,0,0,0,0),(9,'8257017',2,1,0,0,0,0,0,0,0,0,0,0,0),(10,'9300074',2,0,0,1,0,0,0,0,0,0,0,0,0),(11,'10545441',2,0,0,0,0,0,0,0,0,0,0,0,0),(12,'10915740',2,0,1,0,0,0,0,0,0,0,0,0,0),(13,'11199842',2,0,1,0,0,0,0,0,0,0,0,0,0),(14,'5569365',4,1,0,0,0,0,0,0,0,0,0,0,0),(15,'5720512',1,1,0,0,0,0,0,0,0,0,1,0,0),(16,'5868879',4,1,0,0,0,0,0,0,0,0,1,0,0),(17,'7324184',4,1,0,0,0,0,0,0,0,0,0,0,0),(18,'8335124',4,0,1,1,0,0,0,0,0,0,1,0,0),(19,'9769172',4,0,1,0,0,0,0,0,0,0,0,0,0),(20,'10232251',4,0,0,0,0,0,0,0,0,0,1,0,0),(21,'10685199',4,0,0,0,0,0,0,0,0,0,1,0,0),(22,'11199931',4,0,0,0,0,0,0,0,0,0,1,0,0),(23,'11766726',4,0,0,0,0,0,0,0,0,0,1,0,0),(24,'12056201',4,0,0,0,0,0,0,0,0,0,1,0,0),(25,'12371954',4,0,0,0,0,0,0,0,0,0,1,0,0),(26,'12373202',4,0,0,0,0,0,0,0,0,0,1,0,0),(27,'12607089',4,0,0,0,0,0,0,0,0,0,0,0,0),(28,'12788642',4,0,0,0,0,0,0,0,0,0,0,0,0),(29,'12927537',4,0,0,0,0,0,0,0,0,0,1,0,0),(30,'13291399',4,0,0,0,0,0,0,0,0,0,1,0,0),(31,'13466350',4,0,0,0,0,0,0,0,0,0,0,0,0),(32,'13787766',4,0,0,0,0,0,0,0,0,0,1,0,0),(33,'14021153',4,0,0,0,0,0,0,0,0,0,0,0,0),(34,'14235744',4,0,0,0,0,0,0,0,0,0,1,0,0),(35,'15150755',4,0,0,0,0,0,0,0,0,0,0,0,0),(36,'15150728',4,0,0,0,0,0,0,0,0,0,1,0,0),(37,'17170503',4,0,0,0,0,0,0,0,0,0,1,0,0),(38,'18360333',4,0,0,0,0,0,0,0,0,0,1,0,0),(39,'3497769',3,1,0,0,0,0,0,1,0,0,0,0,0),(40,'4427339',3,1,0,0,0,0,0,0,0,0,0,0,0),(41,'5254743',3,1,0,0,0,0,0,0,0,0,0,0,0),(42,'7325713',3,1,0,0,0,0,0,1,0,0,0,0,0),(43,'7326930',3,1,0,0,0,0,0,1,0,0,0,0,0),(44,'7454262',3,1,0,0,0,0,0,1,0,0,0,0,0),(45,'7632930',3,0,0,0,0,0,0,0,0,0,0,0,0),(46,'8169306',3,0,0,0,0,0,0,1,0,0,0,0,0),(47,'9681700',3,0,0,0,0,0,0,1,0,0,0,0,0),(48,'10282533',3,0,0,1,0,0,0,1,0,0,0,0,0),(49,'11072305',3,0,0,1,0,0,0,1,0,0,0,0,0),(50,'11286176',3,0,0,1,0,0,0,1,0,0,0,0,0),(51,'11286239',3,0,0,0,0,0,0,1,0,0,0,0,0),(99,'4859722',5,1,0,0,0,0,0,0,0,0,0,0,0),(53,'11531411',3,0,0,0,0,0,0,1,0,0,0,0,0),(54,'11562139',3,0,0,1,0,0,0,1,0,0,0,0,0),(84,'16294306',2,0,0,0,0,0,0,0,0,0,0,0,0),(56,'11766914',3,0,0,0,0,0,0,1,0,0,0,0,0),(57,'11955523',3,0,0,1,0,0,0,1,0,0,0,0,0),(58,'12371817',3,0,0,0,0,0,0,1,0,0,0,0,0),(59,'12788618',3,0,0,0,0,0,0,1,0,0,0,0,0),(60,'13205808',3,0,0,0,0,0,0,1,0,0,0,0,0),(98,'4620985',5,1,0,0,0,0,0,0,0,0,0,0,0),(62,'13788169',3,0,0,0,0,0,0,1,0,0,0,0,0),(63,'13788242',3,0,0,1,0,0,0,1,0,0,0,0,0),(64,'13788890',3,0,0,0,0,0,0,0,0,0,0,0,0),(65,'15133736',3,0,0,0,0,0,0,1,0,0,0,0,0),(66,'15150745',3,0,0,0,0,0,0,0,0,0,0,0,0),(67,'13355596',3,0,0,1,0,0,0,1,0,0,0,0,0),(68,'12101415',2,0,0,0,0,0,0,0,0,0,0,0,0),(69,'12372141',2,0,0,1,0,0,0,0,0,0,0,0,0),(70,'12586889',2,0,0,0,0,0,0,0,0,0,0,0,0),(71,'13355345',2,0,0,0,0,0,0,0,0,0,0,0,0),(72,'13788054',2,0,0,0,0,0,0,0,0,0,0,0,0),(73,'13788251',2,0,0,0,0,0,0,0,0,0,0,0,0),(74,'14021325',2,0,0,1,0,0,0,0,0,0,0,0,0),(75,'14354968',2,0,0,0,0,0,0,0,0,0,0,0,0),(76,'14565368',2,0,0,1,0,0,0,0,0,0,0,0,0),(77,'14021067',2,0,0,0,0,0,0,0,0,0,0,0,0),(78,'15570928',2,0,0,0,0,0,0,0,0,0,0,0,0),(79,'15923176',2,0,0,0,0,0,0,0,0,0,0,0,0),(80,'16005947',2,0,0,1,0,0,0,0,0,0,0,0,0),(81,'16006103',2,0,0,0,0,0,0,0,0,0,0,0,0),(82,'16294284',2,0,0,0,0,0,0,0,0,0,0,0,0),(83,'11766869',3,0,0,0,0,0,0,1,0,0,0,0,0),(85,'17160838',2,0,0,0,0,0,0,0,0,0,0,0,0),(86,'17498021',2,0,0,1,0,0,0,0,0,0,0,0,0),(87,'17522046',2,0,0,1,0,0,0,0,0,0,0,0,0),(88,'18359731',2,0,0,1,0,0,0,0,0,0,0,0,0),(89,'16537644',2,0,0,1,0,0,0,0,0,0,0,0,0),(90,'16541740',2,0,0,0,0,0,0,0,0,0,0,0,0),(91,'16542230',2,0,0,1,0,0,0,0,0,0,0,0,0),(92,'16793633',2,0,0,0,0,0,0,0,0,0,0,0,0),(93,'16837635',2,0,0,1,0,0,0,0,0,0,0,0,0),(94,'17147041',2,0,0,1,0,0,0,0,0,0,0,0,0),(95,'17147260',2,0,0,0,0,0,0,0,0,0,0,0,0),(96,'18112476',2,0,0,1,0,0,0,0,0,0,0,0,0),(97,'11531333',2,0,0,1,0,0,0,0,0,0,0,0,0),(100,'8569549',5,0,1,0,0,0,0,0,0,0,0,0,0),(101,'9263299',5,0,0,0,0,0,0,0,0,0,0,0,0),(102,'9564869',5,0,0,0,0,0,0,0,0,0,1,0,0),(103,'9918731',5,0,0,0,0,0,0,0,0,0,1,0,0),(104,'10670394',5,0,0,0,0,0,0,0,0,0,0,0,0),(105,'10947598',5,0,0,0,0,0,0,0,0,0,1,0,0),(106,'12374039',5,0,1,0,0,0,0,0,0,0,0,0,0),(107,'12591442',5,0,1,0,0,0,0,0,0,0,0,0,0),(108,'12728180',5,0,0,0,0,0,0,0,0,0,1,0,0),(109,'12788508',5,0,0,0,0,0,0,0,0,0,0,0,0),(110,'12788745',5,0,0,0,0,0,0,0,0,0,1,0,0),(111,'13205792',5,0,0,0,0,0,0,0,0,0,1,0,0),(112,'13788300',5,0,0,0,0,0,0,0,0,0,1,0,0),(113,'14021145',5,0,0,0,0,0,0,0,0,0,0,0,0),(114,'14341821',5,0,0,0,0,0,0,0,0,0,1,0,0),(115,'14902356',5,0,0,0,0,0,0,0,0,0,1,0,0),(116,'15135646',5,0,1,0,0,0,0,0,0,0,0,0,0),(117,'15149750',5,0,0,0,0,0,0,0,0,0,1,0,0),(118,'15150270',5,0,0,0,0,0,0,0,0,0,1,0,0),(119,'16294042',5,0,0,0,0,0,0,0,0,0,1,0,0),(120,'16531299',5,0,0,0,0,0,0,0,0,0,1,0,0),(121,'16541973',5,0,0,0,0,0,0,0,0,0,1,0,0),(122,'16541974',5,0,0,0,0,0,0,0,0,0,1,0,0),(123,'16793219',5,0,0,0,0,0,0,0,0,0,1,0,0),(124,'17498565',5,0,0,0,0,0,0,0,0,0,1,0,0),(125,'17886428',5,0,0,0,0,0,0,0,0,0,1,0,0),(126,'18707841',5,0,0,0,0,0,0,0,0,0,1,0,0),(127,'10229629',5,0,0,0,0,0,0,0,0,0,1,0,0);
/*!40000 ALTER TABLE `focalizacion` ENABLE KEYS */;
UNLOCK TABLES;

--
-- Table structure for table `fono`
--

DROP TABLE IF EXISTS `fono`;
/*!40101 SET @saved_cs_client     = @@character_set_client */;
/*!40101 SET character_set_client = utf8 */;
CREATE TABLE `fono` (
  `idfono` int(11) NOT NULL AUTO_INCREMENT,
  `numero` int(15) DEFAULT NULL,
  `tipo` int(11) DEFAULT NULL,
  `estado` tinyint(1) DEFAULT '1',
  `rutpersona` varchar(8) DEFAULT NULL,
  PRIMARY KEY (`idfono`),
  UNIQUE KEY `idfono` (`idfono`),
  KEY `rutpersona` (`rutpersona`),
  KEY `tipo` (`tipo`)
) ENGINE=MyISAM AUTO_INCREMENT=139 DEFAULT CHARSET=utf8 PACK_KEYS=0;
/*!40101 SET character_set_client = @saved_cs_client */;

--
-- Dumping data for table `fono`
--

LOCK TABLES `fono` WRITE;
/*!40000 ALTER TABLE `fono` DISABLE KEYS */;
INSERT INTO `fono` VALUES (1,0,1,1,'5569365'),(2,133,1,1,'14165260'),(3,0,2,1,'5720512'),(4,0,2,1,'5868879'),(5,0,2,1,'6770835'),(6,0,2,1,'7324184'),(7,0,2,1,'8335124'),(8,0,1,1,'10232251'),(9,0,1,1,'10685199'),(10,0,1,1,'11199931'),(11,0,1,1,'11231977'),(12,0,1,1,'12056201'),(13,0,1,1,'12371954'),(14,0,1,1,'12373202'),(15,12344,1,1,'16837044'),(16,0,2,1,'9769172'),(17,0,2,1,'11766726'),(18,0,2,1,'12374904'),(19,0,2,1,'12788642'),(20,0,2,1,'12927537'),(21,0,1,1,'13291399'),(22,0,1,1,'13787766'),(23,0,1,1,'14235744'),(24,0,1,1,'15150755'),(25,0,1,1,'15150728'),(26,0,1,1,'17147026'),(27,0,1,1,'17170503'),(28,0,1,1,'18360333'),(29,9999999,1,1,'3497769'),(30,9999999,1,1,'4427339'),(31,0,1,1,'5254743'),(32,0,1,1,'6968787'),(33,0,1,1,'7325713'),(34,0,1,1,'7326930'),(35,0,1,1,'7454262'),(36,0,1,1,'7632930'),(37,0,1,1,'8169306'),(38,0,1,1,'9681700'),(39,0,1,1,'10282533'),(40,0,1,1,'10994726'),(41,0,1,1,'11072305'),(42,0,1,1,'11286176'),(43,0,1,1,'11286239'),(44,0,1,1,'11531411'),(45,0,1,1,'11562139'),(46,0,1,1,'11766869'),(47,0,1,1,'11766914'),(48,0,1,1,'11955523'),(49,0,1,1,'12371817'),(50,0,1,1,'12788618'),(51,0,1,1,'13205808'),(52,0,1,1,'13355596'),(53,0,1,1,'13788169'),(54,0,1,1,'13788242'),(55,0,1,1,'13788890'),(56,0,1,1,'15133736'),(57,0,1,1,'15150745'),(58,0,1,1,'4620985'),(59,0,1,1,'4859722'),(60,0,1,1,'8569549'),(61,0,1,1,'9263299'),(62,0,1,1,'9564869'),(63,0,1,1,'9918731'),(64,0,1,1,'10670394'),(65,0,1,1,'10947598'),(66,0,1,1,'12374039'),(67,0,1,1,'12591442'),(68,0,1,1,'12728180'),(69,0,1,1,'12788508'),(70,0,1,1,'12788745'),(71,0,1,1,'13205792'),(72,0,1,1,'13788300'),(73,0,1,1,'14021145'),(74,0,1,1,'14341821'),(75,0,1,1,'14902356'),(76,0,1,1,'10229629'),(77,0,1,1,'15135646'),(78,0,1,1,'15149750'),(79,0,1,1,'15150270'),(80,0,1,1,'16294042'),(81,0,1,1,'16531299'),(82,0,1,1,'16538396'),(83,0,1,1,'16541973'),(84,0,1,1,'16541974'),(85,0,1,1,'16793219'),(86,0,1,1,'17498565'),(87,0,1,1,'17886428'),(88,0,1,1,'18707841'),(89,0,1,1,'8499307'),(90,0,1,1,'5003999'),(91,0,1,1,'6263377'),(92,0,1,1,'6467141'),(93,0,1,1,'6574708'),(94,0,1,1,'6620999'),(95,0,1,1,'6720603'),(96,0,1,1,'6936692'),(97,0,1,1,'7406156'),(98,0,1,1,'8257017'),(99,0,1,1,'9300074'),(100,0,1,1,'10545441'),(101,0,1,1,'10915740'),(102,0,1,1,'11199842'),(103,0,1,1,'11199965'),(104,0,1,1,'11531333'),(105,0,1,1,'12607089'),(106,0,1,1,'13466350'),(107,0,1,1,'14021153'),(108,0,1,1,'12101415'),(109,0,1,1,'12372141'),(110,0,1,1,'12586889'),(111,0,1,1,'13355345'),(112,0,1,1,'13788054'),(113,0,1,1,'13788251'),(114,0,1,1,'14021067'),(115,0,1,1,'14021325'),(116,0,1,1,'14354968'),(117,0,1,1,'14565368'),(118,0,1,1,'15150255'),(119,0,1,1,'15570928'),(120,0,1,1,'15923176'),(121,0,1,1,'16005947'),(122,0,1,1,'16006103'),(123,0,1,1,'16294284'),(124,0,1,1,'16294306'),(125,0,1,1,'16537644'),(126,0,1,1,'16541718'),(127,0,1,1,'16541740'),(128,0,1,1,'16542230'),(129,0,1,1,'16793633'),(130,0,1,1,'16837635'),(131,0,1,1,'17147041'),(132,0,1,1,'17147260'),(133,0,1,1,'17160838'),(134,0,1,1,'17498021'),(135,0,1,1,'17522046'),(136,0,1,1,'18112476'),(137,0,1,1,'18359731'),(138,0,1,1,'13576138');
/*!40000 ALTER TABLE `fono` ENABLE KEYS */;
UNLOCK TABLES;

--
-- Table structure for table `frh`
--

DROP TABLE IF EXISTS `frh`;
/*!40101 SET @saved_cs_client     = @@character_set_client */;
/*!40101 SET character_set_client = utf8 */;
CREATE TABLE `frh` (
  `nficha` int(7) NOT NULL AUTO_INCREMENT,
  `tramo` int(11) DEFAULT NULL,
  `puntaje` decimal(11,0) DEFAULT NULL,
  `nucleo_familiar` decimal(11,0) DEFAULT NULL,
  `deficit` int(11) DEFAULT NULL,
  `fecha_nacimiento` bigint(20) DEFAULT NULL,
  `idestadocivil` int(11) DEFAULT NULL,
  `adultomayor` tinyint(1) DEFAULT NULL,
  `discapacidad` tinyint(1) DEFAULT NULL,
  PRIMARY KEY (`nficha`),
  KEY `idestadocivil` (`idestadocivil`),
  KEY `tramo` (`tramo`),
  KEY `deficit` (`deficit`)
) ENGINE=MyISAM AUTO_INCREMENT=141 DEFAULT CHARSET=utf8 PACK_KEYS=0 COMMENT='Ficha de Recepcion de Hogares.';
/*!40101 SET character_set_client = @saved_cs_client */;

--
-- Dumping data for table `frh`
--

LOCK TABLES `frh` WRITE;
/*!40000 ALTER TABLE `frh` DISABLE KEYS */;
INSERT INTO `frh` VALUES (1,1,40,2,1,-886104000,2,1,0),(2,1,40,9,1,376196400,4,0,0),(3,1,40,2,1,-813182400,4,1,0),(4,1,40,1,1,-638481600,4,1,0),(5,1,40,2,1,-550094400,2,1,0),(6,1,40,1,1,-528667200,3,1,0),(7,1,40,5,2,-255556800,3,0,1),(8,3,60,3,1,-250632000,1,0,0),(9,1,40,2,1,-106430400,1,0,0),(10,2,60,2,1,-47505600,2,0,0),(11,1,40,4,1,-147038400,2,0,0),(12,1,40,4,2,95310000,1,0,0),(13,1,40,3,1,103262400,3,0,0),(14,1,40,1,1,-91742400,2,0,1),(15,2,60,1,1,-90187200,4,0,0),(117,1,40,5,2,361512000,1,0,0),(17,1,40,4,2,42955200,2,0,0),(18,5,80,2,1,124945200,2,0,0),(19,1,40,3,1,148449600,2,0,0),(20,4,70,2,1,163656000,1,0,0),(21,1,40,1,1,167284800,2,0,0),(22,1,40,5,3,218430000,2,0,0),(23,1,40,5,2,330408000,2,0,0),(24,1,40,2,1,14702400,3,0,0),(25,1,40,3,1,392788800,1,0,0),(26,2,60,4,2,390456000,2,0,0),(27,1,40,4,2,605242800,1,0,0),(28,1,40,2,1,594097200,1,0,0),(29,3,60,2,1,743832000,1,0,0),(30,1,40,1,1,-986155200,2,1,0),(31,1,40,2,1,-921528000,2,1,0),(32,1,40,2,1,-810504000,2,1,0),(33,3,60,2,1,-397944000,2,0,0),(34,1,40,4,2,-558561600,2,1,0),(35,1,40,1,1,-606340800,1,1,0),(36,1,40,2,1,-598219200,2,1,0),(37,1,40,2,1,-417988800,2,1,0),(38,1,40,1,1,-337809600,3,0,0),(39,1,40,1,1,-377467200,3,0,0),(40,4,70,3,1,-227131200,2,0,0),(41,1,40,3,1,-293745600,4,0,0),(42,2,60,3,0,-97876800,1,0,0),(43,4,70,3,1,-60897600,4,0,0),(44,1,40,2,1,-56232000,3,0,0),(45,1,40,1,1,11332800,2,0,0),(46,2,60,4,1,-89668800,1,0,0),(47,4,70,2,1,51940800,1,0,0),(48,1,40,2,1,-21499200,2,0,0),(49,2,60,4,1,72763200,1,0,0),(50,1,40,3,1,-181166400,4,0,0),(51,1,40,2,1,164520000,1,0,0),(52,3,60,1,1,243230400,2,0,0),(53,1,40,5,2,250398000,1,0,0),(54,1,40,1,1,332654400,1,0,0),(55,1,40,4,2,341377200,2,0,0),(56,1,40,2,1,313988400,1,0,0),(57,1,40,4,1,375764400,3,0,0),(58,3,60,4,2,361857600,2,0,0),(59,1,40,1,1,-986155200,2,1,0),(60,1,40,1,1,-891201600,1,1,0),(61,1,40,3,1,-950385600,4,1,1),(62,1,40,1,1,-353880000,1,0,1),(63,1,40,2,1,-247089600,4,0,0),(64,4,70,1,1,-231537600,4,0,0),(65,1,40,2,1,-198273600,1,0,0),(66,2,60,2,2,-127684800,1,0,0),(67,1,40,2,1,-5601600,2,0,0),(68,1,40,3,1,117172800,1,0,1),(69,4,70,2,1,143524800,1,0,1),(70,5,80,2,1,164433600,1,0,0),(71,1,40,4,1,154148400,1,0,0),(72,1,40,2,1,172123200,3,0,0),(73,2,60,2,1,241934400,1,0,0),(74,1,40,1,1,279082800,1,0,0),(75,1,40,2,1,354600000,3,0,0),(76,5,80,3,1,225342000,1,0,0),(77,1,40,2,1,373258800,1,0,0),(78,4,70,2,1,-193521600,2,0,0),(79,1,40,1,1,398750400,1,0,1),(80,1,40,2,1,410497200,1,0,0),(81,2,60,2,1,435985200,3,0,0),(82,1,40,2,1,504500400,1,0,0),(83,1,40,2,1,1501646400,0,0,0),(84,1,40,2,1,552456000,1,0,0),(85,5,80,1,1,538801200,1,0,0),(86,1,40,2,1,538801200,2,0,0),(87,1,40,2,1,563079600,1,0,0),(88,1,40,2,0,654836400,2,0,0),(89,1,40,2,1,686203200,1,0,0),(90,2,60,2,1,701236800,1,0,0),(91,1,40,2,1,-525470400,1,1,1),(92,1,40,2,1,-902260800,2,1,0),(93,1,40,2,1,-685569600,1,1,0),(94,2,60,2,1,-585086400,2,1,0),(95,1,40,2,1,-592171200,2,1,0),(96,1,40,1,1,-505944000,3,1,1),(97,1,40,1,1,-701121600,2,1,0),(98,1,40,1,1,-545428800,3,1,0),(99,1,40,1,1,-393278400,3,1,0),(100,1,40,1,1,-463694400,2,1,0),(101,1,40,3,2,-264024000,1,0,0),(102,2,60,4,1,-136584000,2,0,0),(103,1,40,2,1,-63230400,1,0,1),(104,4,70,3,1,-95112000,2,0,1),(105,3,60,3,1,-82756800,2,0,0),(106,1,40,3,1,8049600,2,0,0),(107,3,60,3,1,264225600,1,0,0),(108,1,40,5,2,341031600,2,0,0),(109,1,40,2,1,351399600,1,0,0),(110,3,60,4,1,-218750400,2,0,0),(111,1,40,3,2,108792000,3,0,0),(112,1,40,2,1,130042800,4,0,0),(113,1,40,4,1,252298800,2,0,0),(114,1,40,3,1,285217200,1,0,0),(115,1,40,4,1,316321200,1,0,0),(116,1,40,4,1,646459200,1,0,0),(118,1,40,4,1,304747200,2,0,0),(119,1,40,5,2,371534400,2,0,0),(120,1,40,4,1,433742400,2,0,0),(121,1,40,3,1,348634800,1,0,0),(122,2,60,4,1,-56045157434,2,0,0),(123,1,40,4,1,463204800,2,0,0),(124,1,40,3,1,474433200,1,0,0),(125,1,40,3,1,486014400,1,0,0),(126,1,40,3,1,513748800,2,0,0),(127,1,40,4,1,512366400,2,0,0),(128,1,40,3,1,544935600,1,0,0),(129,1,40,3,1,527745600,2,0,0),(130,1,40,3,1,522475200,3,0,0),(131,1,40,3,1,541479600,2,0,0),(132,1,40,4,1,557467200,1,0,0),(133,2,60,3,2,572324400,2,0,0),(134,1,40,3,1,-55912792634,1,0,0),(135,1,40,4,1,614577600,1,0,0),(136,1,40,2,1,559972800,1,0,0),(137,1,40,4,2,633409200,2,0,0),(138,1,40,5,2,672897600,2,0,0),(139,1,40,3,2,699159600,1,0,0),(140,3,60,3,2,695962800,2,0,0);
/*!40000 ALTER TABLE `frh` ENABLE KEYS */;
UNLOCK TABLES;

--
-- Table structure for table `grupo`
--

DROP TABLE IF EXISTS `grupo`;
/*!40101 SET @saved_cs_client     = @@character_set_client */;
/*!40101 SET character_set_client = utf8 */;
CREATE TABLE `grupo` (
  `idgrupo` int(11) NOT NULL AUTO_INCREMENT,
  `numero` int(11) DEFAULT NULL,
  `fecha` bigint(20) DEFAULT NULL,
  `personalidad` varchar(50) DEFAULT NULL,
  `nombre` varchar(120) DEFAULT NULL,
  `direccion` varchar(120) DEFAULT NULL,
  `idcomuna` int(5) DEFAULT NULL,
  `localidad` varchar(70) DEFAULT NULL,
  `idegis` int(11) DEFAULT NULL,
  `estado` tinyint(1) DEFAULT '1',
  PRIMARY KEY (`idgrupo`),
  UNIQUE KEY `numero` (`numero`),
  KEY `idegis` (`idegis`),
  KEY `idcomuna` (`idcomuna`)
) ENGINE=MyISAM AUTO_INCREMENT=13 DEFAULT CHARSET=utf8 PACK_KEYS=0;
/*!40101 SET character_set_client = @saved_cs_client */;

--
-- Dumping data for table `grupo`
--

LOCK TABLES `grupo` WRITE;
/*!40000 ALTER TABLE `grupo` DISABLE KEYS */;
INSERT INTO `grupo` VALUES (1,2000,1498881600,'2000 con fecha 01/07/2017','comite de prueba','los maitenes 455',7406,'loncomilla',1,1),(2,136814,1494212400,'136814 con fecha 08/05/2017','Ampliación Nueva Esperanza 3','POBL. FELIPE CAMIROAGA',7407,'POBL. FELIPE CAMIROAGA',1,1),(3,136872,1494126000,'136872 con fecha 07/05/2017','AMPLIACIÓN EL FUTURO 2','POBL. LOS CONQUISTADORES',7407,'POBL. LOS CONQUISTADORES',1,1),(4,136921,1494471600,'136921 con fecha 11/05/2017','MEJORAMIENTO EL FUTURO 2','POBL. LOS CONQUISTADORES',7407,'POBL LOS CONQUISTADORES',1,1),(5,137091,1494820800,'137091 con fecha 15/05/2017','MEJORAMIENTO NUEVA ESPERANZA 3','POBL. FELIPE CAMIROAGA',7407,'POBL. FELIPE CAMIROAGA',1,1),(6,142627,1514343600,'142627 con fecha 27/12/2017','AMPLIACION JJ.VV VILLA EL TREN','POBL. VILLA EL TREN',7407,'ESTACION VILLA ALEGRE',1,1),(7,142628,1514343600,'142628 con fecha 27/12/2017','MEJORAMIENTO JJ.VV. VILLA EL TREN','POBL. VILLA EL TREN',7407,'ESTACION VILLA ALEGRE',1,1),(8,142639,1514343600,'142639 con fecha 27/12/2017','COLECTOR SOLAR JJ.VV. VILLA EL TREN','POBL. VILLA EL TREN',7407,'ESTACION VILLA ALEGRE',1,1),(9,142638,1514862000,'142638 con fecha 02/01/2018','MEJORAMIENTO NUEVA ESPERANZA 4','POBL. FELIPE CAMIROAGA',7407,'VILLA ALEGRE',1,1),(10,142640,1514862000,'142640 con fecha 02/01/2018','AMPLIACION ESPERANZA VIVA 3','POBL. VIDA NUEVA/ JOSE ILIC/ ALREDEDORES',7407,'VILLA ALEGRE',1,1),(11,142641,1514862000,'142641 con fecha 02/01/2018','MEJORAMIENTO JJ.VV. ANA RODRIGUEZ DE LBOS','POBL. ANA RODRIGUEZ DE LOBOS Y ALREDEDORES',7407,'VILLA ALEGRE',1,1),(12,142642,1514862000,'142642 con fecha 02/01/2018','COLECTOR SOLAR JJ.VV. ANA RODRIGUEZ DE LOBOS','POBL. ANA RODRIGUEZ DE LOBOS Y ALREDEDORES',7407,'VILLA ALEGRE',1,1);
/*!40000 ALTER TABLE `grupo` ENABLE KEYS */;
UNLOCK TABLES;

--
-- Table structure for table `historial_eliminados_comite`
--

DROP TABLE IF EXISTS `historial_eliminados_comite`;
/*!40101 SET @saved_cs_client     = @@character_set_client */;
/*!40101 SET character_set_client = utf8 */;
CREATE TABLE `historial_eliminados_comite` (
  `idhistorial` int(11) NOT NULL,
  `rut_socio` varchar(8) DEFAULT NULL,
  `idcomite` int(11) DEFAULT NULL,
  `idmotivo` int(11) DEFAULT NULL,
  `observacion` varchar(500) DEFAULT NULL,
  PRIMARY KEY (`idhistorial`),
  KEY `idmotivo` (`idmotivo`)
) ENGINE=MyISAM DEFAULT CHARSET=utf8 PACK_KEYS=0;
/*!40101 SET character_set_client = @saved_cs_client */;

--
-- Dumping data for table `historial_eliminados_comite`
--

LOCK TABLES `historial_eliminados_comite` WRITE;
/*!40000 ALTER TABLE `historial_eliminados_comite` DISABLE KEYS */;
INSERT INTO `historial_eliminados_comite` VALUES (1,'5720512',1,3,'Usado como prueba.'),(2,'14165260',1,3,'Usado como prueba'),(3,'14165260',1,3,'Usado como prueba'),(4,'5720512',1,3,'Usuario de prueba'),(5,'14165260',1,3,'Prueba'),(6,'6968787',3,1,'NO SE PRESENTA A FIRMAR DCTOS PARA POSTULACIÓN'),(7,'10994726',3,1,'NO SE PRESENTA A FIRMAR DCTOS PARA POSTULACION');
/*!40000 ALTER TABLE `historial_eliminados_comite` ENABLE KEYS */;
UNLOCK TABLES;

--
-- Table structure for table `item_postulacion`
--

DROP TABLE IF EXISTS `item_postulacion`;
/*!40101 SET @saved_cs_client     = @@character_set_client */;
/*!40101 SET character_set_client = utf8 */;
CREATE TABLE `item_postulacion` (
  `iditem_postulacion` int(11) NOT NULL,
  `item_postulacion` varchar(50) DEFAULT NULL,
  `idtipopostulacion` int(11) DEFAULT NULL,
  PRIMARY KEY (`iditem_postulacion`),
  KEY `idtipopostulacion` (`idtipopostulacion`)
) ENGINE=MyISAM DEFAULT CHARSET=utf8 PACK_KEYS=0;
/*!40101 SET character_set_client = @saved_cs_client */;

--
-- Dumping data for table `item_postulacion`
--

LOCK TABLES `item_postulacion` WRITE;
/*!40000 ALTER TABLE `item_postulacion` DISABLE KEYS */;
INSERT INTO `item_postulacion` VALUES (1,'Habitabilidad de la vivienda',1),(2,'Seguridad de la Vivienda',1),(3,'Acondicionamiento',2),(4,'Eficiencia Energetica',3),(5,'Proyecto Dormitorio',4);
/*!40000 ALTER TABLE `item_postulacion` ENABLE KEYS */;
UNLOCK TABLES;

--
-- Table structure for table `lista_postulantes`
--

DROP TABLE IF EXISTS `lista_postulantes`;
/*!40101 SET @saved_cs_client     = @@character_set_client */;
/*!40101 SET character_set_client = utf8 */;
CREATE TABLE `lista_postulantes` (
  `idpostulante` int(11) NOT NULL,
  `rutpostulante` varchar(8) DEFAULT NULL,
  `idpostulacion` int(11) DEFAULT NULL,
  `idllamado_postulacion` int(11) DEFAULT NULL,
  `estado` varchar(20) DEFAULT NULL,
  PRIMARY KEY (`idpostulante`),
  KEY `idpostulacion` (`idpostulacion`),
  KEY `rutpostulante` (`rutpostulante`)
) ENGINE=MyISAM DEFAULT CHARSET=utf8 PACK_KEYS=0;
/*!40101 SET character_set_client = @saved_cs_client */;

--
-- Dumping data for table `lista_postulantes`
--

LOCK TABLES `lista_postulantes` WRITE;
/*!40000 ALTER TABLE `lista_postulantes` DISABLE KEYS */;
INSERT INTO `lista_postulantes` VALUES (1,'5254743',2,2,'Postulado'),(2,'6968787',2,2,'Postulado'),(3,'7325713',2,2,'Postulado'),(4,'7326930',2,2,'Postulado'),(5,'7454262',2,2,'Postulado'),(6,'7632930',2,2,'Postulado'),(7,'8169306',2,2,'Postulado'),(8,'9681700',2,2,'Postulado'),(9,'10282533',2,2,'Postulado'),(10,'10994726',2,2,'Postulado'),(11,'11072305',2,2,'Postulado'),(12,'11286176',2,2,'Postulado'),(13,'11286239',2,2,'Postulado'),(14,'11531411',2,2,'Postulado'),(15,'11562139',2,2,'Postulado'),(116,'12373202',4,4,'Postulado'),(17,'11955523',2,2,'Postulado'),(18,'12371817',2,2,'Postulado'),(19,'12788618',2,2,'Postulado'),(20,'13205808',2,2,'Postulado'),(21,'13355596',2,2,'Postulado'),(22,'13788169',2,2,'Postulado'),(23,'13788242',2,2,'Postulado'),(24,'13788890',2,2,'Postulado'),(25,'15133736',2,2,'Postulado'),(26,'15150745',2,2,'Postulado'),(76,'16531299',3,3,'Postulado'),(75,'16294042',3,3,'Postulado'),(74,'15150270',3,3,'Postulado'),(73,'15149750',3,3,'Postulado'),(72,'15135646',3,3,'Postulado'),(71,'14902356',3,3,'Postulado'),(70,'10229629',3,3,'Postulado'),(69,'14341821',3,3,'Postulado'),(68,'14021145',3,3,'Postulado'),(67,'13788300',3,3,'Postulado'),(66,'13205792',3,3,'Postulado'),(65,'12788745',3,3,'Postulado'),(64,'12788508',3,3,'Postulado'),(63,'12728180',3,3,'Postulado'),(62,'12591442',3,3,'Postulado'),(61,'12374039',3,3,'Postulado'),(60,'10947598',3,3,'Postulado'),(59,'10670394',3,3,'Postulado'),(58,'9918731',3,3,'Postulado'),(57,'9564869',3,3,'Postulado'),(56,'9263299',3,3,'Postulado'),(55,'8569549',3,3,'Postulado'),(54,'4859722',3,3,'Postulado'),(53,'4620985',3,3,'Postulado'),(28,'4427339',2,3,'Postulado'),(27,'3497769',2,3,'Postulado'),(78,'16541973',3,3,'Postulado'),(79,'16541974',3,3,'Postulado'),(80,'16793219',3,3,'Postulado'),(81,'17498565',3,3,'Postulado'),(82,'17886428',3,3,'Postulado'),(83,'18707841',3,3,'Postulado'),(84,'8499307',3,3,'Postulado'),(141,'18360333',4,4,'Postulado'),(140,'17170503',4,4,'Postulado'),(112,'11766914',2,2,'Postulado'),(139,'15150728',4,4,'Postulado'),(138,'15150755',4,4,'Postulado'),(137,'14235744',4,4,'Postulado'),(136,'14021153',4,4,'Postulado'),(135,'13787766',4,4,'Postulado'),(134,'13466350',4,4,'Postulado'),(133,'13291399',4,4,'Postulado'),(132,'12927537',4,4,'Postulado'),(131,'12788642',4,4,'Postulado'),(130,'12607089',4,4,'Postulado'),(129,'12374904',4,4,'Postulado'),(128,'5720512',4,4,'Postulado'),(127,'12371954',4,4,'Postulado'),(126,'12056201',4,4,'Postulado'),(125,'11766726',4,4,'Postulado'),(124,'11199931',4,4,'Postulado'),(123,'10685199',4,4,'Postulado'),(122,'10232251',4,4,'Postulado'),(121,'9769172',4,4,'Postulado'),(120,'8335124',4,4,'Postulado'),(119,'7324184',4,4,'Postulado'),(118,'5868879',4,4,'Postulado'),(117,'5569365',4,4,'Postulado'),(115,'11766869',2,2,'Postulado'),(114,'4427339',2,2,'Postulado'),(113,'3497769',2,2,'Postulado'),(142,'5003999',5,5,'Postulado'),(143,'6263377',5,5,'Postulado'),(144,'6467141',5,5,'Postulado'),(145,'6574708',5,5,'Postulado'),(146,'6620999',5,5,'Postulado'),(147,'6720603',5,5,'Postulado'),(148,'6936692',5,5,'Postulado'),(149,'7406156',5,5,'Postulado'),(150,'8257017',5,5,'Postulado'),(151,'9300074',5,5,'Postulado'),(152,'10545441',5,5,'Postulado'),(153,'10915740',5,5,'Postulado'),(154,'11199842',5,5,'Postulado'),(155,'11199965',5,5,'Postulado'),(156,'11531333',5,5,'Postulado'),(157,'12101415',5,5,'Postulado'),(158,'12372141',5,5,'Postulado'),(159,'12586889',5,5,'Postulado'),(160,'13355345',5,5,'Postulado'),(161,'13576138',5,5,'Postulado'),(162,'13788054',5,5,'Postulado'),(163,'13788251',5,5,'Postulado'),(164,'14021325',5,5,'Postulado'),(165,'14354968',5,5,'Postulado'),(166,'14565368',5,5,'Postulado'),(167,'14021067',5,5,'Postulado'),(168,'15150255',5,5,'Postulado'),(169,'15570928',5,5,'Postulado'),(170,'15923176',5,5,'Postulado'),(171,'16005947',5,5,'Postulado'),(172,'16006103',5,5,'Postulado'),(173,'16294284',5,5,'Postulado'),(174,'16294306',5,5,'Postulado'),(175,'16537644',5,5,'Postulado'),(176,'16541718',5,5,'Postulado'),(177,'16541740',5,5,'Postulado'),(178,'16542230',5,5,'Postulado'),(179,'16793633',5,5,'Postulado'),(180,'16837635',5,5,'Postulado'),(181,'17147041',5,5,'Postulado'),(182,'17147260',5,5,'Postulado'),(183,'17160838',5,5,'Postulado'),(184,'17498021',5,5,'Postulado'),(185,'17522046',5,5,'Postulado'),(186,'18112476',5,5,'Postulado'),(187,'18359731',5,5,'Postulado');
/*!40000 ALTER TABLE `lista_postulantes` ENABLE KEYS */;
UNLOCK TABLES;

--
-- Table structure for table `llamado_postulacion`
--

DROP TABLE IF EXISTS `llamado_postulacion`;
/*!40101 SET @saved_cs_client     = @@character_set_client */;
/*!40101 SET character_set_client = utf8 */;
CREATE TABLE `llamado_postulacion` (
  `idllamado_postulacion` int(11) NOT NULL,
  `idpostulacion` int(11) DEFAULT NULL,
  `idllamado` int(11) DEFAULT NULL,
  `anio` int(4) DEFAULT NULL,
  PRIMARY KEY (`idllamado_postulacion`),
  KEY `idpostulacion` (`idpostulacion`),
  KEY `idllamado` (`idllamado`)
) ENGINE=MyISAM DEFAULT CHARSET=utf8 PACK_KEYS=0;
/*!40101 SET character_set_client = @saved_cs_client */;

--
-- Dumping data for table `llamado_postulacion`
--

LOCK TABLES `llamado_postulacion` WRITE;
/*!40000 ALTER TABLE `llamado_postulacion` DISABLE KEYS */;
INSERT INTO `llamado_postulacion` VALUES (1,1,1,2017),(2,2,3,2017),(3,3,3,2017),(4,4,3,2017),(5,5,3,2017);
/*!40000 ALTER TABLE `llamado_postulacion` ENABLE KEYS */;
UNLOCK TABLES;

--
-- Table structure for table `llamados`
--

DROP TABLE IF EXISTS `llamados`;
/*!40101 SET @saved_cs_client     = @@character_set_client */;
/*!40101 SET character_set_client = utf8 */;
CREATE TABLE `llamados` (
  `idllamados` int(11) NOT NULL,
  `llamados` varchar(30) DEFAULT NULL,
  PRIMARY KEY (`idllamados`)
) ENGINE=MyISAM DEFAULT CHARSET=utf8 PACK_KEYS=0;
/*!40101 SET character_set_client = @saved_cs_client */;

--
-- Dumping data for table `llamados`
--

LOCK TABLES `llamados` WRITE;
/*!40000 ALTER TABLE `llamados` DISABLE KEYS */;
INSERT INTO `llamados` VALUES (1,'1er Llamado'),(2,'2do Llamado'),(3,'3er Llamado'),(4,'4to Llamado');
/*!40000 ALTER TABLE `llamados` ENABLE KEYS */;
UNLOCK TABLES;

--
-- Table structure for table `log`
--

DROP TABLE IF EXISTS `log`;
/*!40101 SET @saved_cs_client     = @@character_set_client */;
/*!40101 SET character_set_client = utf8 */;
CREATE TABLE `log` (
  `id` bigint(20) NOT NULL AUTO_INCREMENT,
  `usuario` varchar(12) DEFAULT NULL,
  `ip` varchar(20) DEFAULT NULL,
  `url` varchar(100) DEFAULT NULL,
  `accion` varchar(20) DEFAULT NULL,
  `fecha` bigint(20) DEFAULT NULL,
  PRIMARY KEY (`id`)
) ENGINE=MyISAM AUTO_INCREMENT=1475 DEFAULT CHARSET=utf8 PACK_KEYS=0;
/*!40101 SET character_set_client = @saved_cs_client */;

--
-- Dumping data for table `log`
--

LOCK TABLES `log` WRITE;
/*!40000 ALTER TABLE `log` DISABLE KEYS */;
INSERT INTO `log` VALUES (1,'1-9','168.205.206.44','http://pruebahabitarq.esy.es/login.php','login',1493937135),(2,'14165260-5','168.205.206.44','http://pruebahabitarq.esy.es/login.php','login',1493938084),(3,'14165260-5','168.205.206.44','http://pruebahabitarq.esy.es/view/config/cambiaclave.php','update password',1493938105),(4,'14165260-5','168.205.206.44','http://pruebahabitarq.esy.es/login.php','error',1493938119),(5,'14165260-5','168.205.206.44','http://pruebahabitarq.esy.es/login.php','login',1493938129),(6,'14165260-5','168.205.206.44','http://pruebahabitarq.esy.es/login.php','login',1493939735),(7,'14165260-5','168.205.206.44','http://pruebahabitarq.esy.es/login.php','error',1493939764),(8,'14165260-5','168.205.206.44','http://pruebahabitarq.esy.es/login.php','login',1493939771),(9,'11956379-8','168.205.206.44','http://pruebahabitarq.esy.es/login.php','login',1493939849),(10,'14165260-5','168.205.206.44','http://pruebahabitarq.esy.es/login.php','login',1493939897),(11,'14021077-3','168.205.206.44','http://pruebahabitarq.esy.es/login.php','error',1493940974),(12,'14021077-3','168.205.206.44','http://pruebahabitarq.esy.es/login.php','error',1493940979),(13,'14165260-5','168.205.206.44','http://pruebahabitarq.esy.es/login.php','login',1493940995),(14,'14021077-3','168.205.206.44','http://pruebahabitarq.esy.es/login.php','login',1493941031),(15,'14165260-5','186.9.133.111','http://pruebahabitarq.esy.es/login.php','login',1493994868),(16,'14165260-5','186.9.134.226','http://pruebahabitarq.esy.es/login.php','error',1494020444),(17,'14165260-5','186.9.134.226','http://pruebahabitarq.esy.es/login.php','login',1494020461),(18,'14165260-5','168.205.206.44','http://pruebahabitarq.esy.es/login.php','login',1494046800),(19,'14165260-5','168.205.206.44','http://pruebahabitarq.esy.es/login.php','login',1494105658),(20,'14165260-5','186.9.133.74','http://pruebahabitarq.esy.es/login.php','login',1494246932),(21,'14165260-5','200.72.195.134','http://pruebahabitarq.esy.es/login.php','login',1494257758),(22,'14165260-5','186.9.135.130','http://pruebahabitarq.esy.es/login.php','login',1494266738),(23,'14165260-5','186.9.130.26','http://pruebahabitarq.esy.es/login.php','login',1494268443),(24,'14165260-5','186.9.130.142','http://pruebahabitarq.esy.es/login.php','login',1494277424),(25,'14165260-5','168.205.206.44','http://pruebahabitarq.esy.es/login.php','login',1494298746),(26,'14165260-5','168.205.206.44','http://pruebahabitarq.esy.es/login.php','error',1494299908),(27,'14165260-5','168.205.206.44','http://pruebahabitarq.esy.es/login.php','login',1494299915),(28,'14021077-3','168.205.206.44','http://pruebahabitarq.esy.es/login.php','login',1494299953),(29,'14165260-5','168.205.206.44','http://pruebahabitarq.esy.es/login.php','login',1494308897),(30,'14165260-5','200.72.195.134','http://pruebahabitarq.esy.es/login.php','login',1494330805),(31,'14165260-5','200.72.195.134','http://pruebahabitarq.esy.es/login.php','login',1494331919),(32,'11956379-8','200.72.195.134','http://pruebahabitarq.esy.es/login.php','login',1494331981),(33,'14165260-5','200.72.195.134','http://pruebahabitarq.esy.es/login.php','login',1494349159),(34,'14165260-5','200.72.195.134','http://pruebahabitarq.esy.es/login.php','login',1494356436),(35,'14165260-5','168.205.206.44','http://pruebahabitarq.esy.es/login.php','login',1494385246),(36,'14165260-5','200.72.195.134','http://pruebahabitarq.esy.es/login.php','error',1494436379),(37,'14165260-5','200.72.195.134','http://pruebahabitarq.esy.es/login.php','login',1494436390),(38,'11956379-8','186.78.54.232','http://pruebahabitarq.esy.es/login.php','login',1494444874),(39,'11956379-8','186.78.54.232','http://pruebahabitarq.esy.es/view/config/cambiaclave.php','update password',1494444901),(40,'11956379-8','186.78.54.232','http://pruebahabitarq.esy.es/view/persona/ficha.php','error add',1494445138),(41,'11956379-8','186.78.54.232','http://pruebahabitarq.esy.es/view/persona/ficha.php','error add',1494445186),(42,'11956379-8','186.78.54.232','http://pruebahabitarq.esy.es/view/persona/ficha.php','error add',1494445210),(43,'11956379-8','186.78.54.232','http://pruebahabitarq.esy.es/view/persona/ficha.php','error add',1494445396),(44,'11956379-8','186.78.54.232','http://pruebahabitarq.esy.es/view/persona/ficha.php','error add',1494445545),(45,'14165260-5','186.9.128.185','http://pruebahabitarq.esy.es/login.php','login',1494445746),(46,'11956379-8','186.78.54.232','http://pruebahabitarq.esy.es/login.php','login',1494446712),(47,'14021077-3','186.78.54.232','http://pruebahabitarq.esy.es/login.php','login',1494447098),(48,'14165260-5','168.205.206.44','http://pruebahabitarq.esy.es/login.php','login',1494458631),(49,'14165260-5','168.205.206.44','http://pruebahabitarq.esy.es/view/persona/listpersona.php','del',1494459423),(50,'11956379-8','186.78.181.52','http://pruebahabitarq.esy.es//view/persona/persona.php','add',1494463102),(51,'11956379-8','186.78.181.52','http://pruebahabitarq.esy.es/view/persona/cuenta.php','add',1494463280),(52,'11956379-8','186.78.181.52','http://pruebahabitarq.esy.es/view/persona/cuenta.php','update',1494463909),(53,'14165260-5','168.205.206.44','http://pruebahabitarq.esy.es/login.php','login',1494464738),(54,'14165260-5','200.72.195.134','http://pruebahabitarq.esy.es/login.php','login',1494504087),(55,'14165260-5','200.72.195.134','http://pruebahabitarq.esy.es/login.php','login',1494518994),(56,'14165260-5','190.91.65.106','http://pruebahabitarq.esy.es/login.php','login',1494531311),(57,'11956379-8','186.78.181.52','http://pruebahabitarq.esy.es/login.php','login',1494545879),(58,'11956379-8','186.78.181.52','http://pruebahabitarq.esy.es/view/persona/cuenta.php','update',1494545906),(59,'11956379-8','186.78.181.52','http://pruebahabitarq.esy.es/view/persona/cuenta.php','update',1494546038),(60,'11956379-8','186.78.181.52','http://pruebahabitarq.esy.es/view/persona/cuenta.php','update',1494546141),(61,'11956379-8','186.78.181.52','http://pruebahabitarq.esy.es/view/persona/cuenta.php','update',1494546386),(62,'11956379-8','186.78.181.52','http://pruebahabitarq.esy.es/view/persona/cuenta.php','update',1494546564),(63,'11956379-8','186.78.181.52','http://pruebahabitarq.esy.es/view/persona/ficha.php','add',1494546714),(64,'14165260-5','168.205.206.44','http://pruebahabitarq.esy.es/login.php','login',1494553115),(65,'14165260-5','168.205.206.44','http://pruebahabitarq.esy.es/view/persona/ficha.php','update',1494554400),(66,'14165260-5','190.91.65.106','http://pruebahabitarq.esy.es/login.php','login',1494593499),(67,'14165260-5','190.91.65.106','http://pruebahabitarq.esy.es/view/persona/ficha.php','error add',1494593744),(68,'14165260-5','190.91.65.106','http://pruebahabitarq.esy.es/view/persona/persona.php','update',1494593788),(69,'14165260-5','190.91.65.106','http://pruebahabitarq.esy.es/view/persona/ficha.php','add',1494593858),(70,'14165260-5','190.91.65.106','http://pruebahabitarq.esy.es/view/persona/listpersona.php','del',1494593912),(71,'14165260-5','200.72.195.134','http://pruebahabitarq.esy.es/login.php','login',1494612442),(72,'14165260-5','168.205.206.44','http://pruebahabitarq.esy.es/login.php','login',1494714002),(73,'14165260-5','168.205.206.44','http://pruebahabitarq.esy.es/login.php','login',1494796157),(74,'14165260-5','168.205.206.44','http://pruebahabitarq.esy.es/login.php','login',1494796681),(75,'14165260-5','168.205.206.44','http://pruebahabitarq.esy.es/view/persona/cuenta.php','update',1494796899),(76,'14165260-5','200.72.195.134','http://pruebahabitarq.esy.es/login.php','login',1494853988),(77,'14165260-5','200.72.195.134','http://pruebahabitarq.esy.es/login.php','login',1495027866),(78,'14021077-3','200.68.9.94','http://pruebahabitarq.esy.es/login.php','login',1495202921),(79,'14021077-3','200.68.9.94','http://pruebahabitarq.esy.es//view/persona/persona.php','add',1495203606),(80,'14021077-3','200.68.9.94','http://pruebahabitarq.esy.es/view/persona/ficha.php','add',1495203867),(81,'14021077-3','200.68.9.94','http://pruebahabitarq.esy.es/view/persona/cuenta.php','add',1495204005),(82,'14021077-3','200.68.9.94','http://pruebahabitarq.esy.es//view/persona/persona.php','add',1495204889),(83,'14021077-3','200.68.9.94','http://pruebahabitarq.esy.es/view/persona/ficha.php','add',1495205802),(84,'14021077-3','200.68.9.94','http://pruebahabitarq.esy.es/view/persona/cuenta.php','add',1495206391),(85,'14021077-3','200.68.9.94','http://pruebahabitarq.esy.es//view/persona/persona.php','add',1495207012),(86,'14021077-3','200.68.9.94','http://pruebahabitarq.esy.es/view/persona/ficha.php','error add',1495207242),(87,'14021077-3','200.68.9.94','http://pruebahabitarq.esy.es/view/persona/ficha.php','add',1495207361),(88,'14021077-3','200.68.9.94','http://pruebahabitarq.esy.es/view/persona/cuenta.php','add',1495207543),(89,'14021077-3','200.68.9.94','http://pruebahabitarq.esy.es//view/persona/persona.php','add',1495207885),(90,'14021077-3','200.68.9.94','http://pruebahabitarq.esy.es/view/persona/ficha.php','add',1495208059),(91,'14021077-3','200.68.9.94','http://pruebahabitarq.esy.es/view/persona/cuenta.php','add',1495208357),(92,'14021077-3','200.68.9.94','http://pruebahabitarq.esy.es//view/persona/persona.php','add',1495208960),(93,'14021077-3','200.68.9.94','http://pruebahabitarq.esy.es/view/persona/ficha.php','add',1495209388),(94,'14021077-3','200.68.9.94','http://pruebahabitarq.esy.es/view/persona/cuenta.php','add',1495209526),(95,'14021077-3','200.68.9.94','http://pruebahabitarq.esy.es//view/persona/persona.php','add',1495211366),(96,'14021077-3','200.68.9.94','http://pruebahabitarq.esy.es/view/persona/ficha.php','add',1495211539),(97,'14021077-3','200.68.9.94','http://pruebahabitarq.esy.es/view/persona/cuenta.php','add',1495211613),(98,'14021077-3','200.68.9.94','http://pruebahabitarq.esy.es//view/persona/persona.php','add',1495211894),(99,'14021077-3','200.68.9.94','http://pruebahabitarq.esy.es/view/persona/ficha.php','add',1495212039),(100,'14021077-3','200.68.9.94','http://pruebahabitarq.esy.es/view/persona/cuenta.php','add',1495212254),(101,'14021077-3','200.68.9.94','http://pruebahabitarq.esy.es//view/persona/persona.php','add',1495212458),(102,'14021077-3','200.68.9.94','http://pruebahabitarq.esy.es/view/persona/cuenta.php','add',1495212627),(103,'14021077-3','200.68.9.94','http://pruebahabitarq.esy.es//view/persona/persona.php','add',1495212813),(104,'14021077-3','200.68.9.94','http://pruebahabitarq.esy.es/view/persona/ficha.php','add',1495212945),(105,'14021077-3','200.68.9.94','http://pruebahabitarq.esy.es/view/persona/cuenta.php','add',1495213042),(106,'14021077-3','200.68.9.94','http://pruebahabitarq.esy.es//view/persona/persona.php','add',1495213654),(107,'14021077-3','200.68.9.94','http://pruebahabitarq.esy.es/view/persona/persona.php','update',1495213726),(108,'14021077-3','200.68.9.94','http://pruebahabitarq.esy.es/view/persona/ficha.php','error add',1495213738),(109,'14021077-3','200.68.9.94','http://pruebahabitarq.esy.es/view/persona/ficha.php','error add',1495213771),(110,'14021077-3','200.68.9.94','http://pruebahabitarq.esy.es/view/persona/persona.php','update',1495213913),(111,'14021077-3','200.68.9.94','http://pruebahabitarq.esy.es/view/persona/ficha.php','add',1495214050),(112,'14021077-3','200.68.9.94','http://pruebahabitarq.esy.es/view/persona/cuenta.php','add',1495214157),(113,'14021077-3','200.68.9.94','http://pruebahabitarq.esy.es//view/persona/persona.php','add',1495214421),(114,'14021077-3','200.68.9.94','http://pruebahabitarq.esy.es/view/persona/ficha.php','add',1495214721),(115,'14021077-3','200.68.9.94','http://pruebahabitarq.esy.es/view/persona/cuenta.php','add',1495214862),(116,'14021077-3','200.68.9.94','http://pruebahabitarq.esy.es//view/persona/persona.php','add',1495215147),(117,'14021077-3','200.68.9.94','http://pruebahabitarq.esy.es/view/persona/ficha.php','add',1495215363),(118,'14165260-5','168.205.207.159','http://pruebahabitarq.esy.es/login.php','login',1495243994),(119,'14165260-5','168.205.207.159','http://pruebahabitarq.esy.es/login.php','login',1495595760),(120,'14165260-5','168.205.207.159','http://pruebahabitarq.esy.es/login.php','login',1495598137),(121,'14165260-5','168.205.207.159','http://pruebahabitarq.esy.es/login.php','login',1495682205),(122,'14165260-5','168.205.207.159','http://pruebahabitarq.esy.es//view/persona/persona.php','add',1495682310),(123,'14165260-5','168.205.207.159','http://pruebahabitarq.esy.es/login.php','login',1495772653),(124,'14165260-5','200.72.195.134','http://pruebahabitarq.esy.es/login.php','login',1496151159),(125,'14165260-5','168.205.207.159','http://pruebahabitarq.esy.es/login.php','login',1496197431),(126,'14165260-5','200.72.195.134','http://pruebahabitarq.esy.es/login.php','login',1496431138),(127,'14165260-5','168.205.207.238','http://pruebahabitarq.esy.es/login.php','login',1496545082),(128,'14165260-5','168.205.207.238','http://pruebahabitarq.esy.es/view/persona/listpersona.php','del',1496547743),(129,'14165260-5','168.205.207.238','http://pruebahabitarq.esy.es/login.php','login',1496547992),(130,'14165260-5','168.205.207.238','http://pruebahabitarq.esy.es/view/persona/listpersona.php','del',1496548029),(131,'14165260-5','168.205.207.238','http://pruebahabitarq.esy.es/login.php','login',1496636181),(132,'14021077-3','186.78.170.179','http://pruebahabitarq.esy.es/login.php','login',1496866435),(133,'14021077-3','186.78.170.179','http://pruebahabitarq.esy.es//view/persona/persona.php','add',1496869541),(134,'14021077-3','186.78.170.179','http://pruebahabitarq.esy.es/view/persona/ficha.php','error add',1496869556),(135,'14021077-3','186.78.170.179','http://pruebahabitarq.esy.es/view/persona/cuenta.php','add',1496869829),(136,'14021077-3','186.78.170.179','http://pruebahabitarq.esy.es/view/persona/cuenta.php','update',1496869926),(137,'14021077-3','186.78.170.179','http://pruebahabitarq.esy.es/login.php','login',1496870364),(138,'14021077-3','186.78.170.179','http://pruebahabitarq.esy.es/view/persona/ficha.php','add',1496870853),(139,'14021077-3','186.78.170.179','http://pruebahabitarq.esy.es/view/persona/ficha.php','add',1496871640),(140,'14021077-3','186.78.170.179','http://pruebahabitarq.esy.es//view/persona/persona.php','add',1496871946),(141,'14021077-3','186.78.170.179','http://pruebahabitarq.esy.es/view/persona/cuenta.php','add',1496872063),(142,'14021077-3','186.78.170.179','http://pruebahabitarq.esy.es/view/persona/ficha.php','add',1496872367),(143,'14021077-3','186.78.170.179','http://pruebahabitarq.esy.es/view/persona/ficha.php','add',1496872368),(144,'14021077-3','186.78.170.179','http://pruebahabitarq.esy.es/view/persona/cuenta.php','add',1496872998),(145,'14021077-3','186.78.170.179','http://pruebahabitarq.esy.es/login.php','login',1496873106),(146,'14021077-3','186.78.170.179','http://pruebahabitarq.esy.es//view/persona/persona.php','add',1496873338),(147,'14021077-3','186.78.170.179','http://pruebahabitarq.esy.es/view/persona/ficha.php','add',1496873536),(148,'14021077-3','186.78.170.179','http://pruebahabitarq.esy.es/view/persona/cuenta.php','add',1496873625),(149,'14021077-3','186.78.170.179','http://pruebahabitarq.esy.es/login.php','login',1496873731),(150,'14021077-3','186.78.170.179','http://pruebahabitarq.esy.es/view/persona/ficha.php','add',1496874300),(151,'14021077-3','186.78.170.179','http://pruebahabitarq.esy.es/view/persona/cuenta.php','add',1496874409),(152,'14021077-3','186.78.170.179','http://pruebahabitarq.esy.es//view/persona/persona.php','add',1496874623),(153,'14021077-3','186.78.170.179','http://pruebahabitarq.esy.es/view/persona/ficha.php','add',1496874765),(154,'14021077-3','186.78.170.179','http://pruebahabitarq.esy.es/view/persona/cuenta.php','add',1496874872),(155,'14021077-3','186.78.72.228','http://pruebahabitarq.esy.es/login.php','login',1496950600),(156,'14021077-3','186.78.72.228','http://pruebahabitarq.esy.es//view/persona/persona.php','add',1496951149),(157,'14021077-3','186.78.72.228','http://pruebahabitarq.esy.es/view/persona/ficha.php','add',1496954585),(158,'14021077-3','186.78.72.228','http://pruebahabitarq.esy.es/view/persona/cuenta.php','add',1496954754),(159,'14021077-3','186.78.72.228','http://pruebahabitarq.esy.es//view/persona/persona.php','add',1496955239),(160,'14021077-3','186.78.72.228','http://pruebahabitarq.esy.es/view/persona/ficha.php','error add',1496955266),(161,'14021077-3','186.78.72.228','http://pruebahabitarq.esy.es/view/persona/ficha.php','add',1496956042),(162,'14021077-3','186.78.72.228','http://pruebahabitarq.esy.es/view/persona/cuenta.php','add',1496956253),(163,'14165260-5','168.205.207.238','http://pruebahabitarq.esy.es/login.php','login',1497072973),(164,'14165260-5','168.205.207.196','http://pruebahabitarq.esy.es/login.php','login',1497229937),(165,'14165260-5','168.205.207.238','http://pruebahabitarq.esy.es/login.php','login',1497415820),(166,'14165260-5','200.72.195.134','http://pruebahabitarq.esy.es/login.php','login',1497537049),(167,'14165260-5','200.72.195.134','http://pruebahabitarq.esy.es/login.php','login',1497626139),(168,'14165260-5','200.72.195.134','http://pruebahabitarq.esy.es/login.php','login',1497880560),(169,'14165260-5','200.72.195.134','http://pruebahabitarq.esy.es/login.php','login',1497880616),(170,'14021077-3','186.78.104.39','http://pruebahabitarq.esy.es/login.php','login',1498072753),(171,'14021077-3','186.78.104.39','http://pruebahabitarq.esy.es//view/persona/persona.php','add',1498073453),(172,'14021077-3','186.78.104.39','http://pruebahabitarq.esy.es/view/persona/ficha.php','add',1498074045),(173,'14021077-3','186.78.104.39','http://pruebahabitarq.esy.es/view/persona/cuenta.php','add',1498074243),(174,'14021077-3','186.78.104.39','http://pruebahabitarq.esy.es//view/persona/persona.php','add',1498074470),(175,'14021077-3','186.78.104.39','http://pruebahabitarq.esy.es/view/persona/ficha.php','add',1498074697),(176,'14021077-3','186.78.104.39','http://pruebahabitarq.esy.es/view/persona/cuenta.php','add',1498075093),(177,'14021077-3','186.78.104.39','http://pruebahabitarq.esy.es//view/persona/persona.php','add',1498075920),(178,'14021077-3','186.78.104.39','http://pruebahabitarq.esy.es/view/persona/ficha.php','add',1498076131),(179,'14021077-3','186.78.104.39','http://pruebahabitarq.esy.es/view/persona/cuenta.php','add',1498076226),(180,'14021077-3','186.78.104.39','http://pruebahabitarq.esy.es//view/persona/persona.php','add',1498076410),(181,'14021077-3','186.78.104.39','http://pruebahabitarq.esy.es/view/persona/ficha.php','add',1498076744),(182,'14021077-3','186.78.104.39','http://pruebahabitarq.esy.es/view/persona/cuenta.php','add',1498077019),(183,'14021077-3','186.78.104.39','http://pruebahabitarq.esy.es//view/persona/persona.php','add',1498077267),(184,'14021077-3','186.78.104.39','http://pruebahabitarq.esy.es/view/persona/ficha.php','add',1498077416),(185,'14021077-3','186.78.104.39','http://pruebahabitarq.esy.es/view/persona/cuenta.php','add',1498077587),(186,'14021077-3','186.78.104.39','http://pruebahabitarq.esy.es//view/persona/persona.php','add',1498078029),(187,'14021077-3','186.78.104.39','http://pruebahabitarq.esy.es/view/persona/ficha.php','add',1498078628),(188,'14021077-3','186.78.104.39','http://pruebahabitarq.esy.es/view/persona/cuenta.php','add',1498078983),(189,'14021077-3','186.78.104.39','http://pruebahabitarq.esy.es//view/persona/persona.php','add',1498079495),(190,'14021077-3','186.78.104.39','http://pruebahabitarq.esy.es/view/persona/ficha.php','add',1498079849),(191,'14021077-3','186.78.104.39','http://pruebahabitarq.esy.es/view/persona/cuenta.php','add',1498079985),(192,'11956379-8','186.78.104.39','http://pruebahabitarq.esy.es/login.php','error',1498081121),(193,'11956379-8','186.78.104.39','http://pruebahabitarq.esy.es/login.php','error',1498081131),(194,'11956379-8','186.78.104.39','http://pruebahabitarq.esy.es/login.php','login',1498081154),(195,'14165260-5','200.72.195.134','http://pruebahabitarq.esy.es/login.php','login',1498144974),(196,'14021077-3','186.78.149.9','http://pruebahabitarq.esy.es/login.php','login',1498163025),(197,'14165260-5','168.205.206.2','http://pruebahabitarq.esy.es/login.php','login',1498183793),(198,'14165260-5','168.205.206.2','http://pruebahabitarq.esy.es/view/persona/persona.php','update',1498183980),(199,'14165260-5','186.9.135.186','http://pruebahabitarq.esy.es/login.php','login',1498330445),(200,'14165260-5','168.205.206.2','http://pruebahabitarq.esy.es/login.php','login',1498498550),(201,'14165260-5','200.72.195.134','http://pruebahabitarq.esy.es/login.php','login',1498751200),(202,'14165260-5','200.72.195.134','http://pruebahabitarq.esy.es/login.php','login',1499361816),(203,'14165260-5','200.72.195.134','http://pruebahabitarq.esy.es/view/persona/listpersona.php','del',1499361878),(204,'14165260-5','200.72.195.134','http://pruebahabitarq.esy.es/login.php','login',1499361917),(205,'11956379-8','186.78.170.151','http://pruebahabitarq.esy.es/login.php','error',1499886961),(206,'11956379-8','186.78.170.151','http://pruebahabitarq.esy.es/login.php','error',1499886969),(207,'11956379-8','186.78.170.151','http://pruebahabitarq.esy.es/login.php','error',1499887193),(208,'11956379-8','186.78.170.151','http://pruebahabitarq.esy.es/login.php','login',1499887210),(209,'11956379-8','186.78.170.151','http://pruebahabitarq.esy.es/view/persona/persona.php','update',1499887970),(210,'11956379-8','186.78.170.151','http://pruebahabitarq.esy.es/view/persona/ficha.php','error add',1499887997),(211,'11956379-8','186.78.170.151','http://pruebahabitarq.esy.es/view/persona/persona.php','update',1499888139),(212,'11956379-8','186.78.170.151','http://pruebahabitarq.esy.es/view/persona/ficha.php','add',1499888230),(213,'11956379-8','186.78.170.151','http://pruebahabitarq.esy.es/view/persona/cuenta.php','add',1499889055),(214,'11956379-8','186.78.170.151','http://pruebahabitarq.esy.es/view/persona/persona.php','update',1499889973),(215,'11956379-8','186.78.170.151','http://pruebahabitarq.esy.es/view/persona/ficha.php','add',1499890060),(216,'11956379-8','186.78.170.151','http://pruebahabitarq.esy.es/view/persona/cuenta.php','add',1499890798),(217,'11956379-8','186.78.170.151','http://pruebahabitarq.esy.es//view/persona/persona.php','add',1499891096),(218,'11956379-8','186.78.170.151','http://pruebahabitarq.esy.es/view/persona/ficha.php','error add',1499891117),(219,'11956379-8','186.78.170.151','http://pruebahabitarq.esy.es/view/persona/ficha.php','add',1499891184),(220,'11956379-8','186.78.170.151','http://pruebahabitarq.esy.es/view/persona/cuenta.php','add',1499891690),(221,'11956379-8','186.78.170.151','http://pruebahabitarq.esy.es//view/persona/persona.php','add',1499891827),(222,'11956379-8','186.78.170.151','http://pruebahabitarq.esy.es/view/persona/ficha.php','error add',1499891913),(223,'11956379-8','186.78.170.151','http://pruebahabitarq.esy.es/view/persona/ficha.php','error add',1499891955),(224,'11956379-8','186.78.170.151','http://pruebahabitarq.esy.es/view/persona/ficha.php','add',1499892023),(225,'11956379-8','186.78.170.151','http://pruebahabitarq.esy.es/view/persona/cuenta.php','add',1499892347),(226,'11956379-8','186.78.170.151','http://pruebahabitarq.esy.es//view/persona/persona.php','add',1499892489),(227,'11956379-8','186.78.170.151','http://pruebahabitarq.esy.es/view/persona/ficha.php','add',1499892571),(228,'11956379-8','186.78.170.151','http://pruebahabitarq.esy.es/view/persona/cuenta.php','add',1499892757),(229,'11956379-8','186.78.170.151','http://pruebahabitarq.esy.es//view/persona/persona.php','add',1499892879),(230,'11956379-8','186.78.170.151','http://pruebahabitarq.esy.es/view/persona/ficha.php','add',1499892935),(231,'11956379-8','186.78.170.151','http://pruebahabitarq.esy.es/view/persona/cuenta.php','add',1499893135),(232,'11956379-8','186.78.170.151','http://pruebahabitarq.esy.es//view/persona/persona.php','add',1499893331),(233,'11956379-8','186.78.170.151','http://pruebahabitarq.esy.es/view/persona/ficha.php','add',1499893381),(234,'11956379-8','186.78.170.151','http://pruebahabitarq.esy.es/view/persona/cuenta.php','add',1499893704),(235,'11956379-8','186.78.170.151','http://pruebahabitarq.esy.es//view/persona/persona.php','add',1499893925),(236,'11956379-8','186.78.170.151','http://pruebahabitarq.esy.es/view/persona/ficha.php','add',1499894268),(237,'11956379-8','186.78.170.151','http://pruebahabitarq.esy.es/view/persona/cuenta.php','add',1499894669),(238,'14165260-5','168.205.206.2','http://pruebahabitarq.esy.es/login.php','login',1499921594),(239,'14165260-5','168.205.206.2','http://pruebahabitarq.esy.es/login.php','login',1499922043),(240,'11956379-8','200.68.9.93','http://pruebahabitarq.esy.es/login.php','error',1499955924),(241,'11956379-8','200.68.9.93','http://pruebahabitarq.esy.es/login.php','login',1499955930),(242,'11956379-8','200.68.9.93','http://pruebahabitarq.esy.es//view/persona/persona.php','add',1499956390),(243,'11956379-8','200.68.9.93','http://pruebahabitarq.esy.es/view/persona/ficha.php','add',1499957115),(244,'11956379-8','200.68.9.93','http://pruebahabitarq.esy.es/view/persona/cuenta.php','add',1499958334),(245,'11956379-8','200.68.9.93','http://pruebahabitarq.esy.es//view/persona/persona.php','add',1499958814),(246,'11956379-8','200.68.9.93','http://pruebahabitarq.esy.es/view/persona/ficha.php','add',1499958870),(247,'11956379-8','200.68.9.93','http://pruebahabitarq.esy.es/view/persona/cuenta.php','add',1499959137),(248,'11956379-8','200.68.9.93','http://pruebahabitarq.esy.es//view/persona/persona.php','add',1499959365),(249,'11956379-8','200.68.9.93','http://pruebahabitarq.esy.es/view/persona/ficha.php','add',1499959435),(250,'11956379-8','200.68.9.93','http://pruebahabitarq.esy.es/view/persona/cuenta.php','add',1499959621),(251,'11956379-8','200.68.9.93','http://pruebahabitarq.esy.es//view/persona/persona.php','add',1499959793),(252,'11956379-8','200.68.9.93','http://pruebahabitarq.esy.es/view/persona/ficha.php','add',1499959842),(253,'11956379-8','200.68.9.93','http://pruebahabitarq.esy.es/view/persona/cuenta.php','add',1499960019),(254,'11956379-8','200.68.9.93','http://pruebahabitarq.esy.es//view/persona/persona.php','add',1499960229),(255,'11956379-8','200.68.9.93','http://pruebahabitarq.esy.es/view/persona/ficha.php','add',1499960284),(256,'11956379-8','200.68.9.93','http://pruebahabitarq.esy.es/view/persona/cuenta.php','add',1499960603),(257,'11956379-8','200.68.9.93','http://pruebahabitarq.esy.es//view/persona/persona.php','add',1499960773),(258,'11956379-8','200.68.9.93','http://pruebahabitarq.esy.es/view/persona/ficha.php','add',1499960829),(259,'11956379-8','200.68.9.93','http://pruebahabitarq.esy.es/view/persona/cuenta.php','add',1499960987),(260,'11956379-8','200.68.9.93','http://pruebahabitarq.esy.es//view/persona/persona.php','add',1499961357),(261,'11956379-8','200.68.9.93','http://pruebahabitarq.esy.es/view/persona/ficha.php','add',1499961405),(262,'11956379-8','200.68.9.93','http://pruebahabitarq.esy.es/view/persona/cuenta.php','add',1499961643),(263,'11956379-8','200.68.9.93','http://pruebahabitarq.esy.es//view/persona/persona.php','add',1499961922),(264,'11956379-8','200.68.9.93','http://pruebahabitarq.esy.es/view/persona/ficha.php','add',1499962003),(265,'11956379-8','200.68.9.93','http://pruebahabitarq.esy.es/view/persona/cuenta.php','add',1499962246),(266,'11956379-8','200.68.9.93','http://pruebahabitarq.esy.es//view/persona/persona.php','add',1499962829),(267,'11956379-8','200.68.9.93','http://pruebahabitarq.esy.es/view/persona/ficha.php','add',1499962901),(268,'11956379-8','200.68.9.93','http://pruebahabitarq.esy.es/view/persona/cuenta.php','add',1499964431),(269,'11956379-8','200.68.9.93','http://pruebahabitarq.esy.es//view/persona/persona.php','add',1499965063),(270,'11956379-8','200.68.9.93','http://pruebahabitarq.esy.es/view/persona/ficha.php','add',1499965139),(271,'11956379-8','200.68.9.93','http://pruebahabitarq.esy.es/view/persona/cuenta.php','add',1499965718),(272,'11956379-8','200.68.9.93','http://pruebahabitarq.esy.es//view/persona/persona.php','add',1499965899),(273,'11956379-8','200.68.9.93','http://pruebahabitarq.esy.es/view/persona/ficha.php','add',1499965953),(274,'11956379-8','186.78.194.122','http://pruebahabitarq.esy.es//view/persona/persona.php','add',1499974911),(275,'11956379-8','186.78.194.122','http://pruebahabitarq.esy.es/view/persona/ficha.php','add',1499974978),(276,'11956379-8','186.78.194.122','http://pruebahabitarq.esy.es/view/persona/cuenta.php','add',1499975288),(277,'11956379-8','186.78.194.122','http://pruebahabitarq.esy.es//view/persona/persona.php','add',1499975462),(278,'11956379-8','186.78.194.122','http://pruebahabitarq.esy.es/view/persona/ficha.php','add',1499975520),(279,'11956379-8','186.78.194.122','http://pruebahabitarq.esy.es/view/persona/cuenta.php','add',1499975728),(280,'11956379-8','186.78.194.122','http://pruebahabitarq.esy.es//view/persona/persona.php','add',1499975849),(281,'11956379-8','186.78.194.122','http://pruebahabitarq.esy.es/view/persona/ficha.php','add',1499975909),(282,'11956379-8','186.78.194.122','http://pruebahabitarq.esy.es/view/persona/cuenta.php','add',1499976119),(283,'11956379-8','186.78.194.122','http://pruebahabitarq.esy.es//view/persona/persona.php','add',1499976267),(284,'11956379-8','186.78.194.122','http://pruebahabitarq.esy.es/view/persona/ficha.php','add',1499976328),(285,'11956379-8','186.78.194.122','http://pruebahabitarq.esy.es/view/persona/cuenta.php','add',1499976705),(286,'11956379-8','186.78.194.122','http://pruebahabitarq.esy.es/view/persona/ficha.php','update',1499997871),(287,'14165260-5','190.91.81.10','http://pruebahabitarq.esy.es/login.php','login',1500051418),(288,'14165260-5','181.43.73.31','http://pruebahabitarq.esy.es/login.php','login',1500064151),(289,'14165260-5','181.43.73.31','http://pruebahabitarq.esy.es/view/comite/comite.php','add',1500065025),(290,'14165260-5','200.72.195.134','http://pruebahabitarq.esy.es/login.php','login',1500066552),(291,'14165260-5','200.72.195.134','http://pruebahabitarq.esy.es/view/comite/comite.php','update',1500066577),(292,'14165260-5','200.72.195.134','http://pruebahabitarq.esy.es/login.php','login',1500067563),(293,'14165260-5','168.205.206.65','http://pruebahabitarq.esy.es/login.php','login',1500093148),(294,'14165260-5','168.205.206.65','http://pruebahabitarq.esy.es/login.php','login',1500093923),(295,'14165260-5','200.72.195.134','http://pruebahabitarq.esy.es/login.php','login',1500130905),(296,'14165260-5','186.9.133.9','http://pruebahabitarq.esy.es/login.php','login',1500144578),(297,'14165260-5','200.72.195.134','http://pruebahabitarq.esy.es/login.php','login',1500302263),(298,'11956379-8','200.68.9.93','http://pruebahabitarq.esy.es/login.php','login',1500302324),(299,'11956379-8','200.68.9.93','http://pruebahabitarq.esy.es//view/persona/persona.php','add',1500303399),(300,'11956379-8','200.68.9.93','http://pruebahabitarq.esy.es/view/persona/ficha.php','add',1500303640),(301,'11956379-8','200.68.9.93','http://pruebahabitarq.esy.es/view/persona/cuenta.php','add',1500303858),(302,'11956379-8','200.68.9.93','http://pruebahabitarq.esy.es//view/persona/persona.php','add',1500304013),(303,'11956379-8','200.68.9.93','http://pruebahabitarq.esy.es/view/persona/ficha.php','add',1500304095),(304,'11956379-8','200.68.9.93','http://pruebahabitarq.esy.es/view/persona/cuenta.php','add',1500304261),(305,'11956379-8','200.68.9.93','http://pruebahabitarq.esy.es//view/persona/persona.php','add',1500304518),(306,'11956379-8','200.68.9.93','http://pruebahabitarq.esy.es/view/persona/ficha.php','add',1500304594),(307,'11956379-8','200.68.9.93','http://pruebahabitarq.esy.es/view/persona/cuenta.php','add',1500304990),(308,'11956379-8','200.68.9.93','http://pruebahabitarq.esy.es//view/persona/persona.php','add',1500305106),(309,'11956379-8','200.68.9.93','http://pruebahabitarq.esy.es/view/persona/ficha.php','add',1500305362),(310,'11956379-8','200.68.9.93','http://pruebahabitarq.esy.es/view/persona/cuenta.php','add',1500305699),(311,'11956379-8','200.68.9.93','http://pruebahabitarq.esy.es//view/persona/persona.php','add',1500305897),(312,'11956379-8','200.68.9.93','http://pruebahabitarq.esy.es/view/persona/ficha.php','add',1500306000),(313,'11956379-8','200.68.9.93','http://pruebahabitarq.esy.es/view/persona/cuenta.php','add',1500306310),(314,'11956379-8','200.68.9.93','http://pruebahabitarq.esy.es//view/persona/persona.php','add',1500306438),(315,'11956379-8','200.68.9.93','http://pruebahabitarq.esy.es/view/persona/ficha.php','add',1500306648),(316,'11956379-8','200.68.9.93','http://pruebahabitarq.esy.es/view/persona/ficha.php','update',1500307190),(317,'11956379-8','200.68.9.93','http://pruebahabitarq.esy.es/view/comite/comite.php','add',1500308645),(318,'11956379-8','200.68.9.93','http://pruebahabitarq.esy.es/view/comite/comite.php','add',1500308646),(319,'11956379-8','200.68.9.93','http://pruebahabitarq.esy.es/view/comite/comite.php','add',1500308872),(320,'11956379-8','200.68.9.93','http://pruebahabitarq.esy.es/view/comite/comite.php','add',1500308956),(321,'11956379-8','200.68.9.93','http://pruebahabitarq.esy.es/view/comite/comite.php','add',1500309028),(322,'11956379-8','200.68.9.93','http://pruebahabitarq.esy.es/view/comite/listcomite.php','add',1500309171),(323,'11956379-8','200.68.9.93','http://pruebahabitarq.esy.es/view/comite/listcomite.php','add',1500309206),(324,'11956379-8','200.68.9.93','http://pruebahabitarq.esy.es/view/comite/listcomite.php','add',1500309239),(325,'11956379-8','200.68.9.93','http://pruebahabitarq.esy.es/view/comite/comite.php','update',1500309333),(326,'11956379-8','200.68.9.93','http://pruebahabitarq.esy.es/view/comite/listcomite.php','error add',1500309646),(327,'11956379-8','200.68.9.93','http://pruebahabitarq.esy.es/view/comite/listcomite.php','error add',1500309668),(328,'11956379-8','200.68.9.93','http://pruebahabitarq.esy.es/view/comite/listcomite.php','error add',1500309690),(329,'11956379-8','200.68.9.93','http://pruebahabitarq.esy.es/view/comite/listcomite.php','add',1500309783),(330,'11956379-8','200.68.9.93','http://pruebahabitarq.esy.es/view/comite/listcomite.php','error add',1500309829),(331,'11956379-8','200.68.9.93','http://pruebahabitarq.esy.es/view/comite/listcomite.php','error add',1500309898),(332,'11956379-8','200.68.9.93','http://pruebahabitarq.esy.es/view/comite/listcomite.php','error add',1500309933),(333,'11956379-8','200.68.9.93','http://pruebahabitarq.esy.es/view/comite/listcomite.php','add',1500310134),(334,'11956379-8','200.68.9.93','http://pruebahabitarq.esy.es/view/comite/listcomite.php','add',1500310369),(335,'11956379-8','200.68.9.93','http://pruebahabitarq.esy.es/view/comite/listcomite.php','add',1500310437),(336,'11956379-8','200.68.9.93','http://pruebahabitarq.esy.es/view/comite/listcomite.php','add',1500310460),(337,'11956379-8','200.68.9.93','http://pruebahabitarq.esy.es/view/comite/listcomite.php','add',1500310488),(338,'11956379-8','200.68.9.93','http://pruebahabitarq.esy.es/view/comite/listcomite.php','add',1500310510),(339,'11956379-8','200.68.9.93','http://pruebahabitarq.esy.es/view/comite/listcomite.php','add',1500310533),(340,'11956379-8','200.68.9.93','http://pruebahabitarq.esy.es/view/comite/listcomite.php','add',1500310553),(341,'11956379-8','200.68.9.93','http://pruebahabitarq.esy.es/view/comite/listcomite.php','add',1500310576),(342,'11956379-8','200.68.9.93','http://pruebahabitarq.esy.es/view/comite/listcomite.php','add',1500310600),(343,'11956379-8','200.68.9.93','http://pruebahabitarq.esy.es/view/comite/listcomite.php','add',1500310618),(344,'11956379-8','200.68.9.93','http://pruebahabitarq.esy.es/view/comite/listcomite.php','add',1500310641),(345,'11956379-8','200.68.9.93','http://pruebahabitarq.esy.es/view/comite/listcomite.php','add',1500310665),(346,'11956379-8','200.68.9.93','http://pruebahabitarq.esy.es/view/comite/listcomite.php','add',1500310687),(347,'11956379-8','200.68.9.93','http://pruebahabitarq.esy.es/view/comite/listcomite.php','add',1500310741),(348,'11956379-8','200.68.9.93','http://pruebahabitarq.esy.es/view/comite/listcomite.php','add',1500310763),(349,'11956379-8','200.68.9.93','http://pruebahabitarq.esy.es/view/comite/listcomite.php','add',1500310783),(350,'11956379-8','200.68.9.93','http://pruebahabitarq.esy.es/view/comite/listcomite.php','add',1500310809),(351,'11956379-8','200.68.9.93','http://pruebahabitarq.esy.es/view/comite/listcomite.php','add',1500310827),(352,'11956379-8','200.68.9.93','http://pruebahabitarq.esy.es/view/comite/listcomite.php','add',1500310848),(353,'11956379-8','200.68.9.93','http://pruebahabitarq.esy.es/view/comite/listcomite.php','add',1500310866),(354,'11956379-8','200.68.9.93','http://pruebahabitarq.esy.es/view/comite/listcomite.php','add',1500310885),(355,'11956379-8','200.68.9.93','http://pruebahabitarq.esy.es/view/comite/listcomite.php','add',1500310904),(356,'11956379-8','200.68.9.93','http://pruebahabitarq.esy.es/view/persona/cuenta.php','add',1500310984),(357,'11956379-8','200.68.9.93','http://pruebahabitarq.esy.es/view/comite/listcomite.php','add',1500311032),(358,'11956379-8','200.68.9.93','http://pruebahabitarq.esy.es/view/comite/listcomite.php','error add',1500311107),(359,'11956379-8','200.68.9.93','http://pruebahabitarq.esy.es/view/comite/listcomite.php','add',1500311257),(360,'11956379-8','200.68.9.93','http://pruebahabitarq.esy.es/view/comite/listcomite.php','error add',1500311451),(361,'11956379-8','200.68.9.93','http://pruebahabitarq.esy.es/view/contratistas/index.php','add',1500312037),(362,'11956379-8','200.68.9.93','http://pruebahabitarq.esy.es/view/comite/listcomite.php','error add',1500312148),(363,'11956379-8','200.68.9.93','http://pruebahabitarq.esy.es//view/persona/focalizacion.php','update',1500312406),(364,'11956379-8','200.68.9.93','http://pruebahabitarq.esy.es//view/persona/focalizacion.php','update',1500312470),(365,'11956379-8','200.68.9.93','http://pruebahabitarq.esy.es//view/persona/focalizacion.php','update',1500312530),(366,'11956379-8','200.68.9.93','http://pruebahabitarq.esy.es//view/persona/focalizacion.php','update',1500312552),(367,'11956379-8','200.68.9.93','http://pruebahabitarq.esy.es//view/persona/focalizacion.php','update',1500312577),(368,'14165260-5','200.72.195.134','http://pruebahabitarq.esy.es/login.php','login',1500317569),(369,'11956379-8','186.78.205.20','http://pruebahabitarq.esy.es/login.php','login',1500317687),(370,'11956379-8','186.78.205.20','http://pruebahabitarq.esy.es/view/comite/listcomite.php','error add',1500318053),(371,'11956379-8','186.78.205.20','http://pruebahabitarq.esy.es/view/comite/listcomite.php','error add',1500318110),(372,'11956379-8','186.78.205.20','http://pruebahabitarq.esy.es/view/comite/listcomite.php','error add',1500318143),(373,'11956379-8','186.78.205.20','http://pruebahabitarq.esy.es/view/comite/listcomite.php','error add',1500318144),(374,'11956379-8','186.78.205.20','http://pruebahabitarq.esy.es/view/comite/listcomite.php','error add',1500318144),(375,'11956379-8','186.78.205.20','http://pruebahabitarq.esy.es/view/comite/listcomite.php','error add',1500318144),(376,'11956379-8','186.78.205.20','http://pruebahabitarq.esy.es/view/comite/listcomite.php','error add',1500318145),(377,'11956379-8','186.78.205.20','http://pruebahabitarq.esy.es/view/comite/listcomite.php','error add',1500318145),(378,'11956379-8','186.78.205.20','http://pruebahabitarq.esy.es/view/comite/listcomite.php','error add',1500318145),(379,'11956379-8','186.78.205.20','http://pruebahabitarq.esy.es/view/comite/listcomite.php','error add',1500318145),(380,'11956379-8','186.78.205.20','http://pruebahabitarq.esy.es/view/comite/listcomite.php','error add',1500318145),(381,'11956379-8','186.78.205.20','http://pruebahabitarq.esy.es/view/comite/listcomite.php','error add',1500318146),(382,'11956379-8','186.78.205.20','http://pruebahabitarq.esy.es/view/persona/listpersona.php','del',1500320223),(383,'11956379-8','186.78.205.20','http://pruebahabitarq.esy.es/view/persona/listpersona.php','del',1500320229),(384,'11956379-8','186.78.205.20','http://pruebahabitarq.esy.es/view/persona/ficha.php','add',1500320315),(385,'14165260-5','186.11.9.219','http://pruebahabitarq.esy.es/login.php','login',1500320656),(386,'11956379-8','186.78.205.20','http://pruebahabitarq.esy.es/view/persona/persona.php','update',1500320856),(387,'11956379-8','186.78.205.20','http://pruebahabitarq.esy.es/view/persona/ficha.php','update',1500320889),(388,'11956379-8','186.78.205.20','http://pruebahabitarq.esy.es/view/comite/listcomite.php','error add',1500321023),(389,'14165260-5','186.11.9.219','http://pruebahabitarq.esy.es/view/persona/persona.php','update',1500321175),(390,'11956379-8','186.78.205.20','http://pruebahabitarq.esy.es/view/persona/persona.php','update',1500321180),(391,'11956379-8','186.78.205.20','http://pruebahabitarq.esy.es/view/persona/cuenta.php','update',1500321201),(392,'14165260-5','186.11.9.219','http://pruebahabitarq.esy.es/view/comite/listcomite.php','add',1500321212),(393,'11956379-8','186.78.205.20','http://pruebahabitarq.esy.es/view/comite/listcomite.php','error add',1500321232),(394,'14165260-5','168.205.206.200','http://pruebahabitarq.esy.es/login.php','login',1500351860),(395,'14165260-5','200.72.195.134','http://pruebahabitarq.esy.es/login.php','login',1500398566),(396,'11956379-8','186.78.133.157','http://pruebahabitarq.esy.es/login.php','login',1500411599),(397,'14165260-5','186.11.29.17','http://pruebahabitarq.esy.es/login.php','login',1500414045),(398,'14165260-5','168.205.206.200','http://pruebahabitarq.esy.es/login.php','login',1500428876),(399,'14165260-5','186.9.75.232','http://pruebahabitarq.esy.es/login.php','login',1500431190),(400,'14165260-5','168.205.206.200','http://pruebahabitarq.esy.es/login.php','login',1500432771),(401,'11956379-8','200.68.9.93','http://pruebahabitarq.esy.es/login.php','login',1500472121),(402,'11956379-8','200.68.9.93','http://pruebahabitarq.esy.es//view/persona/persona.php','add',1500482818),(403,'11956379-8','200.68.9.93','http://pruebahabitarq.esy.es/view/persona/ficha.php','add',1500482939),(404,'11956379-8','200.68.9.93','http://pruebahabitarq.esy.es/view/persona/cuenta.php','add',1500483229),(405,'11956379-8','200.68.9.93','http://pruebahabitarq.esy.es/view/comite/listcomite.php','add',1500483382),(406,'11956379-8','200.68.9.93','http://pruebahabitarq.esy.es//view/persona/persona.php','add',1500483486),(407,'11956379-8','200.68.9.93','http://pruebahabitarq.esy.es/view/persona/ficha.php','add',1500483557),(408,'11956379-8','200.68.9.93','http://pruebahabitarq.esy.es/view/persona/cuenta.php','add',1500483737),(409,'11956379-8','200.68.9.93','http://pruebahabitarq.esy.es/view/persona/cuenta.php','update',1500483778),(410,'11956379-8','200.68.9.93','http://pruebahabitarq.esy.es//view/persona/focalizacion.php','update',1500483875),(411,'11956379-8','200.68.9.93','http://pruebahabitarq.esy.es/view/comite/listcomite.php','add',1500483908),(412,'11956379-8','200.68.9.93','http://pruebahabitarq.esy.es//view/persona/persona.php','add',1500484079),(413,'11956379-8','200.68.9.93','http://pruebahabitarq.esy.es/view/persona/ficha.php','add',1500484382),(414,'11956379-8','200.68.9.93','http://pruebahabitarq.esy.es/view/persona/cuenta.php','add',1500484573),(415,'11956379-8','200.68.9.93','http://pruebahabitarq.esy.es/view/comite/listcomite.php','add',1500484648),(416,'11956379-8','200.68.9.93','http://pruebahabitarq.esy.es//view/persona/focalizacion.php','update',1500484696),(417,'11956379-8','200.68.9.93','http://pruebahabitarq.esy.es//view/persona/persona.php','add',1500484834),(418,'11956379-8','200.68.9.93','http://pruebahabitarq.esy.es/view/persona/persona.php','update',1500484922),(419,'11956379-8','200.68.9.93','http://pruebahabitarq.esy.es/view/persona/ficha.php','add',1500485213),(420,'11956379-8','186.78.22.128','http://pruebahabitarq.esy.es//view/persona/focalizacion.php','update',1500496865),(421,'11956379-8','186.78.22.128','http://pruebahabitarq.esy.es/view/persona/cuenta.php','add',1500497228),(422,'11956379-8','186.78.22.128','http://pruebahabitarq.esy.es/view/comite/listcomite.php','add',1500497300),(423,'14165260-5','186.9.95.61','http://pruebahabitarq.esy.es/login.php','login',1500499250),(424,'11956379-8','186.78.22.128','http://pruebahabitarq.esy.es/view/persona/ficha.php','add',1500501263),(425,'11956379-8','186.78.22.128','http://pruebahabitarq.esy.es/view/persona/cuenta.php','add',1500501679),(426,'11956379-8','186.78.22.128','http://pruebahabitarq.esy.es/view/comite/listcomite.php','add',1500501729),(427,'11956379-8','186.78.22.128','http://pruebahabitarq.esy.es/view/persona/ficha.php','add',1500502448),(428,'11956379-8','186.78.22.128','http://pruebahabitarq.esy.es/view/persona/cuenta.php','add',1500502651),(429,'11956379-8','186.78.22.128','http://pruebahabitarq.esy.es/view/comite/listcomite.php','add',1500502737),(430,'14165260-5','168.205.206.200','http://pruebahabitarq.esy.es/login.php','login',1500516714),(431,'11956379-8','200.68.9.93','http://pruebahabitarq.esy.es/login.php','login',1500558309),(432,'11956379-8','200.68.9.93','http://pruebahabitarq.esy.es/view/comite/comite.php','update',1500558610),(433,'11956379-8','200.68.9.93','http://pruebahabitarq.esy.es/view/persona/ficha.php','update',1500558785),(434,'11956379-8','200.68.9.93','http://pruebahabitarq.esy.es/view/persona/cuenta.php','update',1500558858),(435,'11956379-8','200.68.9.93','http://pruebahabitarq.esy.es/view/persona/ficha.php','error add',1500559488),(436,'14165260-5','200.72.195.134','http://pruebahabitarq.esy.es/login.php','login',1500559592),(437,'11956379-8','200.68.9.93','http://pruebahabitarq.esy.es/view/persona/ficha.php','add',1500559648),(438,'11956379-8','200.68.9.93','http://pruebahabitarq.esy.es/view/persona/cuenta.php','add',1500559835),(439,'14165260-5','200.72.195.134','http://pruebahabitarq.esy.es/login.php','login',1500560133),(440,'11956379-8','200.68.9.93','http://pruebahabitarq.esy.es/view/persona/ficha.php','add',1500560706),(441,'11956379-8','200.68.9.93','http://pruebahabitarq.esy.es/view/persona/cuenta.php','add',1500561078),(442,'11956379-8','200.68.9.93','http://pruebahabitarq.esy.es/view/persona/ficha.php','add',1500561663),(443,'11956379-8','200.68.9.93','http://pruebahabitarq.esy.es/view/comite/listcomite.php','add',1500561724),(444,'11956379-8','200.68.9.93','http://pruebahabitarq.esy.es/view/comite/listcomite.php','add',1500561771),(445,'11956379-8','200.68.9.93','http://pruebahabitarq.esy.es/view/persona/cuenta.php','add',1500561998),(446,'11956379-8','200.68.9.93','http://pruebahabitarq.esy.es/view/comite/listcomite.php','add',1500562042),(447,'11956379-8','200.68.9.93','http://pruebahabitarq.esy.es/view/persona/ficha.php','add',1500562270),(448,'11956379-8','200.68.9.93','http://pruebahabitarq.esy.es/view/persona/cuenta.php','add',1500562423),(449,'11956379-8','200.68.9.93','http://pruebahabitarq.esy.es/view/comite/listcomite.php','add',1500562466),(450,'11956379-8','200.68.9.93','http://pruebahabitarq.esy.es/view/persona/persona.php','update',1500562706),(451,'11956379-8','200.68.9.93','http://pruebahabitarq.esy.es/view/persona/persona.php','update',1500562731),(452,'11956379-8','200.68.9.93','http://pruebahabitarq.esy.es/view/persona/ficha.php','add',1500562898),(453,'11956379-8','200.68.9.93','http://pruebahabitarq.esy.es/view/persona/cuenta.php','add',1500564115),(454,'11956379-8','200.68.9.93','http://pruebahabitarq.esy.es/view/persona/cuenta.php','update',1500564164),(455,'11956379-8','200.68.9.93','http://pruebahabitarq.esy.es/view/persona/cuenta.php','update',1500564188),(456,'11956379-8','200.68.9.93','http://pruebahabitarq.esy.es/view/comite/listcomite.php','add',1500564271),(457,'11956379-8','200.68.9.93','http://pruebahabitarq.esy.es/view/persona/ficha.php','add',1500564730),(458,'11956379-8','200.68.9.93','http://pruebahabitarq.esy.es/view/persona/cuenta.php','add',1500564883),(459,'11956379-8','200.68.9.93','http://pruebahabitarq.esy.es/view/comite/listcomite.php','add',1500564914),(460,'11956379-8','200.68.9.93','http://pruebahabitarq.esy.es/view/persona/ficha.php','add',1500565116),(461,'11956379-8','200.68.9.93','http://pruebahabitarq.esy.es/view/persona/cuenta.php','add',1500565281),(462,'11956379-8','200.68.9.93','http://pruebahabitarq.esy.es/view/comite/listcomite.php','add',1500565309),(463,'11956379-8','200.68.9.93','http://pruebahabitarq.esy.es/view/persona/ficha.php','add',1500565565),(464,'11956379-8','200.68.9.93','http://pruebahabitarq.esy.es/view/persona/cuenta.php','add',1500565836),(465,'11956379-8','200.68.9.93','http://pruebahabitarq.esy.es/view/comite/listcomite.php','add',1500565860),(466,'11956379-8','200.68.9.93','http://pruebahabitarq.esy.es/view/persona/ficha.php','add',1500566089),(467,'11956379-8','200.68.9.93','http://pruebahabitarq.esy.es/view/persona/cuenta.php','add',1500566494),(468,'11956379-8','200.68.9.93','http://pruebahabitarq.esy.es/view/comite/listcomite.php','add',1500566519),(469,'11956379-8','200.68.9.93','http://pruebahabitarq.esy.es/view/persona/ficha.php','add',1500569632),(470,'11956379-8','200.68.9.93','http://pruebahabitarq.esy.es/view/persona/cuenta.php','add',1500569998),(471,'11956379-8','200.68.9.93','http://pruebahabitarq.esy.es/view/comite/listcomite.php','add',1500570022),(472,'11956379-8','200.68.9.93','http://pruebahabitarq.esy.es/view/persona/ficha.php','add',1500570297),(473,'11956379-8','200.68.9.93','http://pruebahabitarq.esy.es/view/persona/cuenta.php','add',1500570553),(474,'11956379-8','200.68.9.93','http://pruebahabitarq.esy.es/view/persona/persona.php','update',1500570583),(475,'11956379-8','200.68.9.93','http://pruebahabitarq.esy.es/view/comite/listcomite.php','add',1500570617),(476,'14021077-3','186.78.179.179','http://pruebahabitarq.esy.es/login.php','login',1500590142),(477,'14021077-3','186.78.179.179','http://pruebahabitarq.esy.es/view/persona/ficha.php','add',1500591131),(478,'14165260-5','168.205.206.20','http://pruebahabitarq.esy.es/login.php','login',1500600969),(479,'14165260-5','168.205.206.20','http://pruebahabitarq.esy.es/view/comite/listcomite.php','add',1500602413),(480,'14165260-5','168.205.206.20','http://pruebahabitarq.esy.es/login.php','login',1500602519),(481,'11956379-8','186.78.179.179','http://pruebahabitarq.esy.es/view/comite/grupal.php','error add',1500603424),(482,'14165260-5','168.205.206.20','http://pruebahabitarq.esy.es/view/comite/listcomite.php','add',1500611968),(483,'14165260-5','168.205.206.20','http://pruebahabitarq.esy.es/login.php','login',1500612416),(484,'14165260-5','168.205.206.20','http://pruebahabitarq.esy.es/login.php','login',1500614355),(485,'11956379-8','200.68.9.93','http://pruebahabitarq.esy.es/login.php','login',1500642876),(486,'11956379-8','200.68.9.93','http://pruebahabitarq.esy.es/view/comite/comite.php','update',1500643158),(487,'11956379-8','200.68.9.93','http://pruebahabitarq.esy.es/view/comite/listcomite.php','error add',1500643327),(488,'14165260-5','200.72.195.134','http://pruebahabitarq.esy.es/login.php','login',1500643467),(489,'11956379-8','200.68.9.93','http://pruebahabitarq.esy.es/view/comite/listcomite.php','error add',1500643482),(490,'11956379-8','200.68.9.93','http://pruebahabitarq.esy.es/view/comite/grupal.php','add members',1500644428),(491,'14165260-5','186.9.135.89','http://pruebahabitarq.esy.es/login.php','login',1500649938),(492,'14165260-5','200.72.195.134','http://pruebahabitarq.esy.es/login.php','login',1500666289),(493,'14165260-5','200.72.195.134','http://pruebahabitarq.esy.es/view/comite/listcomite.php','add',1500666487),(494,'14165260-5','200.72.195.134','http://pruebahabitarq.esy.es/view/comite/grupal.php','add members',1500666725),(495,'14165260-5','200.72.195.134','http://pruebahabitarq.esy.es/view/comite/comite.php','error add members',1500666850),(496,'14165260-5','200.72.195.134','http://pruebahabitarq.esy.es/login.php','login',1500667131),(497,'14165260-5','200.72.195.134','http://pruebahabitarq.esy.es/view/comite/grupal.php','add members',1500667164),(498,'14165260-5','200.72.195.134','http://pruebahabitarq.esy.es/login.php','login',1500681072),(499,'14165260-5','181.74.72.8','http://pruebahabitarq.esy.es/login.php','login',1500751555),(500,'14165260-5','181.74.72.8','http://pruebahabitarq.esy.es/view/comite/listcomite.php','add',1500751681),(501,'11956379-8','186.78.197.62','http://pruebahabitarq.esy.es/login.php','login',1500758803),(502,'11956379-8','186.78.197.62','http://pruebahabitarq.esy.es//view/persona/focalizacion.php','update',1500758954),(503,'14165260-5','168.205.206.20','http://pruebahabitarq.esy.es/login.php','login',1500874273),(504,'14165260-5','168.205.206.20','http://pruebahabitarq.esy.es/login.php','login',1500874373),(505,'14165260-5','168.205.206.20','http://pruebahabitarq.esy.es/view/comite/comite.php','add',1500874565),(506,'14165260-5','168.205.206.20','http://pruebahabitarq.esy.es/login.php','login',1500880121),(507,'14165260-5','168.205.206.20','http://pruebahabitarq.esy.es/view/persona/ficha.php','update',1500880164),(508,'14165260-5','168.205.206.20','http://pruebahabitarq.esy.es/view/comite/comite.php','error add members',1500880285),(509,'14165260-5','168.205.206.20','http://pruebahabitarq.esy.es/view/comite/comite.php','error add members',1500880293),(510,'11956379-8','200.68.9.93','http://pruebahabitarq.esy.es/login.php','login',1500907099),(511,'14165260-5','200.72.195.134','http://pruebahabitarq.esy.es/login.php','login',1500990287),(512,'14165260-5','200.72.195.134','http://pruebahabitarq.esy.es/login.php','login',1501076874),(513,'14021077-3','186.78.187.138','http://pruebahabitarq.esy.es/login.php','login',1501104513),(514,'14021077-3','186.78.187.138','http://pruebahabitarq.esy.es/login.php','login',1501107543),(515,'14021077-3','186.78.187.138','http://pruebahabitarq.esy.es/login.php','login',1501107655),(516,'14021077-3','186.78.187.138','http://pruebahabitarq.esy.es/login.php','login',1501108359),(517,'14165260-5','200.72.195.134','http://pruebahabitarq.esy.es/login.php','login',1501179857),(518,'14165260-5','200.72.195.134','http://pruebahabitarq.esy.es/login.php','login',1501198959),(519,'11956379-8','200.68.9.93','http://pruebahabitarq.esy.es/login.php','login',1501685223),(520,'11956379-8','200.68.9.93','http://pruebahabitarq.esy.es/view/comite/comite.php','add',1501685822),(521,'11956379-8','200.68.9.93','http://pruebahabitarq.esy.es/view/persona/ficha.php','add',1501686107),(522,'11956379-8','200.68.9.93','http://pruebahabitarq.esy.es/view/persona/cuenta.php','add',1501686463),(523,'11956379-8','200.68.9.93','http://pruebahabitarq.esy.es/view/comite/listcomite.php','add',1501686668),(524,'11956379-8','200.68.9.93','http://pruebahabitarq.esy.es//view/persona/focalizacion.php','update',1501686717),(525,'11956379-8','200.68.9.93','http://pruebahabitarq.esy.es/view/comite/listcomite.php','error add',1501688469),(526,'11956379-8','200.68.9.93','http://pruebahabitarq.esy.es/view/persona/cuenta.php','add',1501689057),(527,'11956379-8','200.68.9.93','http://pruebahabitarq.esy.es/view/comite/listcomite.php','add',1501689108),(528,'11956379-8','200.68.9.93','http://pruebahabitarq.esy.es/view/persona/ficha.php','add',1501689456),(529,'11956379-8','200.68.9.93','http://pruebahabitarq.esy.es/view/persona/cuenta.php','add',1501689619),(530,'11956379-8','200.68.9.93','http://pruebahabitarq.esy.es/view/comite/listcomite.php','add',1501689657),(531,'11956379-8','200.68.9.93','http://pruebahabitarq.esy.es/view/persona/ficha.php','add',1501690018),(532,'11956379-8','200.68.9.93','http://pruebahabitarq.esy.es/view/persona/cuenta.php','add',1501690148),(533,'11956379-8','200.68.9.93','http://pruebahabitarq.esy.es/view/comite/listcomite.php','add',1501690200),(534,'11956379-8','200.68.9.93','http://pruebahabitarq.esy.es/view/persona/ficha.php','add',1501690908),(535,'11956379-8','200.68.9.93','http://pruebahabitarq.esy.es/view/persona/cuenta.php','add',1501691096),(536,'11956379-8','200.68.9.93','http://pruebahabitarq.esy.es/view/comite/listcomite.php','add',1501691150),(537,'11956379-8','200.68.9.93','http://pruebahabitarq.esy.es/view/persona/ficha.php','add',1501691384),(538,'11956379-8','200.68.9.93','http://pruebahabitarq.esy.es/view/persona/cuenta.php','add',1501691545),(539,'11956379-8','200.68.9.93','http://pruebahabitarq.esy.es/view/comite/listcomite.php','add',1501691583),(540,'11956379-8','200.68.9.93','http://pruebahabitarq.esy.es/view/persona/ficha.php','add',1501691791),(541,'11956379-8','200.68.9.93','http://pruebahabitarq.esy.es/view/persona/cuenta.php','add',1501691931),(542,'11956379-8','200.68.9.93','http://pruebahabitarq.esy.es/view/comite/listcomite.php','add',1501691969),(543,'11956379-8','200.68.9.93','http://pruebahabitarq.esy.es/view/persona/ficha.php','add',1501692199),(544,'11956379-8','200.68.9.93','http://pruebahabitarq.esy.es/view/persona/cuenta.php','add',1501692398),(545,'11956379-8','200.68.9.93','http://pruebahabitarq.esy.es/view/comite/listcomite.php','add',1501693051),(546,'11956379-8','200.68.9.93','http://pruebahabitarq.esy.es/view/persona/ficha.php','add',1501693281),(547,'11956379-8','186.78.206.247','http://pruebahabitarq.esy.es/view/persona/cuenta.php','add',1501700461),(548,'11956379-8','186.78.206.247','http://pruebahabitarq.esy.es/view/comite/listcomite.php','error add',1501701309),(549,'11956379-8','186.78.206.247','http://pruebahabitarq.esy.es/view/comite/listcomite.php','add',1501701633),(550,'11956379-8','186.78.206.247','http://pruebahabitarq.esy.es/view/comite/comite.php','add',1501701936),(551,'11956379-8','186.78.206.247','http://pruebahabitarq.esy.es/view/persona/ficha.php','add',1501702114),(552,'11956379-8','186.78.206.247','http://pruebahabitarq.esy.es/view/persona/cuenta.php','add',1501702300),(553,'11956379-8','186.78.206.247','http://pruebahabitarq.esy.es/view/comite/listcomite.php','add',1501702367),(554,'11956379-8','186.78.206.247','http://pruebahabitarq.esy.es/view/persona/ficha.php','add',1501702757),(555,'11956379-8','186.78.206.247','http://pruebahabitarq.esy.es/view/persona/cuenta.php','add',1501702899),(556,'11956379-8','186.78.206.247','http://pruebahabitarq.esy.es/view/comite/listcomite.php','add',1501702939),(557,'11956379-8','186.78.206.247','http://pruebahabitarq.esy.es/view/comite/comite.php','add',1501703233),(558,'11956379-8','186.78.206.247','http://pruebahabitarq.esy.es/view/persona/ficha.php','add',1501703250),(559,'11956379-8','186.78.206.247','http://pruebahabitarq.esy.es/view/persona/cuenta.php','add',1501703373),(560,'11956379-8','186.78.206.247','http://pruebahabitarq.esy.es/view/comite/listcomite.php','add',1501703406),(561,'11956379-8','186.78.206.247','http://pruebahabitarq.esy.es/view/persona/ficha.php','add',1501703668),(562,'11956379-8','186.78.206.247','http://pruebahabitarq.esy.es/view/persona/cuenta.php','add',1501703882),(563,'11956379-8','186.78.206.247','http://pruebahabitarq.esy.es/view/comite/listcomite.php','add',1501703908),(564,'11956379-8','186.78.206.247','http://pruebahabitarq.esy.es/view/persona/ficha.php','add',1501704169),(565,'11956379-8','186.78.206.247','http://pruebahabitarq.esy.es/view/persona/cuenta.php','add',1501704273),(566,'11956379-8','186.78.206.247','http://pruebahabitarq.esy.es/view/comite/listcomite.php','add',1501704303),(567,'11956379-8','186.78.206.247','http://pruebahabitarq.esy.es/view/persona/ficha.php','add',1501704550),(568,'11956379-8','186.78.206.247','http://pruebahabitarq.esy.es/view/persona/cuenta.php','add',1501704740),(569,'11956379-8','186.78.206.247','http://pruebahabitarq.esy.es/view/comite/listcomite.php','add',1501704762),(570,'11956379-8','186.78.206.247','http://pruebahabitarq.esy.es/view/contratistas/index.php','add',1501705385),(571,'11956379-8','186.78.206.247','http://pruebahabitarq.esy.es/view/comite/listcomite.php','error add',1501705726),(572,'11956379-8','186.78.206.247','http://pruebahabitarq.esy.es/view/comite/grupal.php','error updating',1501706399),(573,'11956379-8','186.78.206.247','http://pruebahabitarq.esy.es/view/comite/grupal.php','error updating',1501706401),(574,'11956379-8','186.78.206.247','http://pruebahabitarq.esy.es/view/comite/grupal.php','error updating',1501706401),(575,'11956379-8','186.78.206.247','http://pruebahabitarq.esy.es/view/comite/grupal.php','error updating',1501706401),(576,'11956379-8','186.78.206.247','http://pruebahabitarq.esy.es/view/comite/grupal.php','error updating',1501706402),(577,'11956379-8','186.78.206.247','http://pruebahabitarq.esy.es/view/comite/grupal.php','error updating',1501706402),(578,'11956379-8','186.78.206.247','http://pruebahabitarq.esy.es/view/comite/grupal.php','error updating',1501706402),(579,'11956379-8','186.78.206.247','http://pruebahabitarq.esy.es/view/comite/grupal.php','error updating',1501706539),(580,'11956379-8','186.78.206.247','http://pruebahabitarq.esy.es/view/comite/grupal.php','error updating',1501706590),(581,'11956379-8','186.78.206.247','http://pruebahabitarq.esy.es/view/comite/grupal.php','error updating',1501706628),(582,'11956379-8','186.78.206.247','http://pruebahabitarq.esy.es/view/comite/grupal.php','error updating',1501706639),(583,'11956379-8','186.78.206.247','http://pruebahabitarq.esy.es/view/comite/grupal.php','error updating',1501706640),(584,'11956379-8','186.78.206.247','http://pruebahabitarq.esy.es/view/comite/grupal.php','error updating',1501706641),(585,'11956379-8','186.78.206.247','http://pruebahabitarq.esy.es/view/comite/grupal.php','error updating',1501706641),(586,'11956379-8','186.78.206.247','http://pruebahabitarq.esy.es/view/comite/grupal.php','error updating',1501706641),(587,'11956379-8','186.78.206.247','http://pruebahabitarq.esy.es/view/comite/grupal.php','error updating',1501706641),(588,'11956379-8','186.78.206.247','http://pruebahabitarq.esy.es/view/comite/grupal.php','error updating',1501706642),(589,'11956379-8','186.78.206.247','http://pruebahabitarq.esy.es/view/comite/grupal.php','error updating',1501706642),(590,'11956379-8','186.78.206.247','http://pruebahabitarq.esy.es/view/comite/grupal.php','error updating',1501706642),(591,'11956379-8','186.78.206.247','http://pruebahabitarq.esy.es/view/comite/grupal.php','error updating',1501706642),(592,'11956379-8','186.78.206.247','http://pruebahabitarq.esy.es/view/comite/grupal.php','error updating',1501706643),(593,'11956379-8','186.78.206.247','http://pruebahabitarq.esy.es/view/comite/grupal.php','error updating',1501706643),(594,'11956379-8','186.78.206.247','http://pruebahabitarq.esy.es/view/comite/grupal.php','error updating',1501706643),(595,'11956379-8','186.78.206.247','http://pruebahabitarq.esy.es/view/comite/grupal.php','error updating',1501706643),(596,'11956379-8','186.78.206.247','http://pruebahabitarq.esy.es/view/comite/grupal.php','error updating',1501706644),(597,'11956379-8','186.78.206.247','http://pruebahabitarq.esy.es/view/comite/grupal.php','error updating',1501706644),(598,'11956379-8','186.78.206.247','http://pruebahabitarq.esy.es/view/comite/grupal.php','error updating',1501706644),(599,'11956379-8','186.78.206.247','http://pruebahabitarq.esy.es/view/comite/grupal.php','error updating',1501706644),(600,'11956379-8','186.78.206.247','http://pruebahabitarq.esy.es/view/comite/grupal.php','error updating',1501706660),(601,'11956379-8','186.78.206.247','http://pruebahabitarq.esy.es/view/comite/grupal.php','error updating',1501706660),(602,'11956379-8','186.78.206.247','http://pruebahabitarq.esy.es/view/comite/grupal.php','error updating',1501706735),(603,'11956379-8','186.78.206.247','http://pruebahabitarq.esy.es/view/comite/grupal.php','error updating',1501706875),(604,'14165260-5','168.205.206.20','http://pruebahabitarq.esy.es/login.php','login',1501706946),(605,'11956379-8','186.78.206.247','http://pruebahabitarq.esy.es/view/persona/ficha.php','update',1501708823),(606,'11956379-8','186.78.206.247','http://pruebahabitarq.esy.es//view/persona/focalizacion.php','update',1501711433),(607,'11956379-8','186.78.206.247','http://pruebahabitarq.esy.es//view/persona/focalizacion.php','update',1501711489),(608,'11956379-8','186.78.206.247','http://pruebahabitarq.esy.es//view/persona/focalizacion.php','update',1501711543),(609,'11956379-8','186.78.206.247','http://pruebahabitarq.esy.es//view/persona/focalizacion.php','update',1501711674),(610,'11956379-8','186.78.206.247','http://pruebahabitarq.esy.es//view/persona/focalizacion.php','update',1501711696),(611,'11956379-8','186.78.206.247','http://pruebahabitarq.esy.es//view/persona/focalizacion.php','update',1501711720),(612,'11956379-8','186.78.206.247','http://pruebahabitarq.esy.es//view/persona/focalizacion.php','update',1501711742),(613,'11956379-8','186.78.206.247','http://pruebahabitarq.esy.es//view/persona/focalizacion.php','update',1501711764),(614,'11956379-8','186.78.206.247','http://pruebahabitarq.esy.es//view/persona/focalizacion.php','update',1501711801),(615,'11956379-8','186.78.206.247','http://pruebahabitarq.esy.es//view/persona/focalizacion.php','update',1501711869),(616,'11956379-8','186.78.206.247','http://pruebahabitarq.esy.es//view/persona/focalizacion.php','update',1501711906),(617,'11956379-8','186.78.206.247','http://pruebahabitarq.esy.es//view/persona/focalizacion.php','update',1501711929),(618,'11956379-8','186.78.206.247','http://pruebahabitarq.esy.es//view/persona/focalizacion.php','update',1501711953),(619,'11956379-8','186.78.206.247','http://pruebahabitarq.esy.es//view/persona/focalizacion.php','update',1501711990),(620,'11956379-8','186.78.206.247','http://pruebahabitarq.esy.es//view/persona/focalizacion.php','update',1501712011),(621,'11956379-8','186.78.206.247','http://pruebahabitarq.esy.es//view/persona/focalizacion.php','update',1501712032),(622,'11956379-8','186.78.206.247','http://pruebahabitarq.esy.es//view/persona/focalizacion.php','update',1501712056),(623,'11956379-8','186.78.206.247','http://pruebahabitarq.esy.es//view/persona/focalizacion.php','update',1501712075),(624,'11956379-8','186.78.206.247','http://pruebahabitarq.esy.es//view/persona/focalizacion.php','update',1501712101),(625,'11956379-8','186.78.206.247','http://pruebahabitarq.esy.es//view/persona/focalizacion.php','update',1501712132),(626,'11956379-8','186.78.206.247','http://pruebahabitarq.esy.es//view/persona/focalizacion.php','update',1501712156),(627,'11956379-8','186.78.206.247','http://pruebahabitarq.esy.es//view/persona/focalizacion.php','update',1501712178),(628,'11956379-8','186.78.206.247','http://pruebahabitarq.esy.es//view/persona/focalizacion.php','update',1501712201),(629,'11956379-8','186.78.206.247','http://pruebahabitarq.esy.es//view/persona/focalizacion.php','update',1501712226),(630,'11956379-8','186.78.206.247','http://pruebahabitarq.esy.es//view/persona/focalizacion.php','update',1501712261),(631,'11956379-8','186.78.206.247','http://pruebahabitarq.esy.es//view/persona/focalizacion.php','update',1501712294),(632,'11956379-8','186.78.206.247','http://pruebahabitarq.esy.es//view/persona/focalizacion.php','update',1501712315),(633,'11956379-8','186.78.206.247','http://pruebahabitarq.esy.es//view/persona/focalizacion.php','update',1501712335),(634,'11956379-8','186.78.206.247','http://pruebahabitarq.esy.es//view/persona/focalizacion.php','update',1501712355),(635,'11956379-8','186.78.206.247','http://pruebahabitarq.esy.es//view/persona/focalizacion.php','update',1501712385),(636,'11956379-8','186.78.206.247','http://pruebahabitarq.esy.es//view/persona/persona.php','error add',1501712482),(637,'11956379-8','186.78.206.247','http://pruebahabitarq.esy.es/view/comite/grupal.php','error updating',1501712603),(638,'14165260-5','168.205.206.20','http://pruebahabitarq.esy.es/login.php','login',1501712648),(639,'11956379-8','186.78.206.247','http://pruebahabitarq.esy.es/view/comite/comite.php','update',1501712674),(640,'11956379-8','186.78.206.247','http://pruebahabitarq.esy.es//view/persona/focalizacion.php','update',1501712862),(641,'11956379-8','186.78.206.247','http://pruebahabitarq.esy.es//view/persona/focalizacion.php','update',1501712939),(642,'11956379-8','186.78.206.247','http://pruebahabitarq.esy.es/view/comite/grupal.php','add members',1501713567),(643,'11956379-8','186.78.206.247','http://pruebahabitarq.esy.es/view/comite/grupal.php','error updating',1501719091),(644,'11956379-8','186.78.206.247','http://pruebahabitarq.esy.es/view/comite/comite.php','add',1501719541),(645,'11956379-8','186.78.206.247','http://pruebahabitarq.esy.es/view/persona/ficha.php','update',1501719591),(646,'11956379-8','186.78.206.247','http://pruebahabitarq.esy.es/view/persona/cuenta.php','update',1501719742),(647,'11956379-8','186.78.206.247','http://pruebahabitarq.esy.es//view/persona/focalizacion.php','update',1501719788),(648,'11956379-8','186.78.206.247','http://pruebahabitarq.esy.es/view/comite/listcomite.php','error add',1501719838),(649,'11956379-8','186.78.206.247','http://pruebahabitarq.esy.es/view/comite/listcomite.php','error add',1501719871),(650,'11956379-8','186.78.206.247','http://pruebahabitarq.esy.es/view/comite/comite.php','add',1501720131),(651,'11956379-8','186.78.206.247','http://pruebahabitarq.esy.es/view/persona/ficha.php','update',1501720142),(652,'14165260-5','168.205.206.20','http://pruebahabitarq.esy.es/login.php','login',1501720312),(653,'11956379-8','186.78.206.247','http://pruebahabitarq.esy.es//view/persona/focalizacion.php','update',1501720360),(654,'11956379-8','186.78.206.247','http://pruebahabitarq.esy.es/view/comite/listcomite.php','error add',1501720445),(655,'11956379-8','186.78.206.247','http://pruebahabitarq.esy.es/view/comite/comite.php','add',1501720579),(656,'11956379-8','186.78.206.247','http://pruebahabitarq.esy.es/view/persona/ficha.php','update',1501720595),(657,'11956379-8','186.78.206.247','http://pruebahabitarq.esy.es/view/comite/comite.php','add',1501720688),(658,'11956379-8','186.78.206.247','http://pruebahabitarq.esy.es/view/persona/ficha.php','update',1501720751),(659,'14165260-5','168.205.206.20','http://pruebahabitarq.esy.es/view/comite/listcomite.php','error add',1501721004),(660,'11956379-8','186.78.206.247','http://pruebahabitarq.esy.es//view/persona/focalizacion.php','update',1501721226),(661,'11956379-8','186.78.206.247','http://pruebahabitarq.esy.es/view/comite/grupal.php','error updating',1501721407),(662,'11956379-8','186.78.206.247','http://pruebahabitarq.esy.es/view/persona/ficha.php','update',1501721573),(663,'11956379-8','186.78.206.247','http://pruebahabitarq.esy.es//view/persona/focalizacion.php','update',1501721597),(664,'11956379-8','186.78.206.247','http://pruebahabitarq.esy.es/view/comite/comite.php','add',1501721648),(665,'11956379-8','186.78.206.247','http://pruebahabitarq.esy.es/view/persona/ficha.php','update',1501721710),(666,'11956379-8','186.78.206.247','http://pruebahabitarq.esy.es//view/persona/focalizacion.php','update',1501721777),(667,'11956379-8','186.78.206.247','http://pruebahabitarq.esy.es/view/comite/comite.php','add',1501721835),(668,'14165260-5','168.205.206.20','http://pruebahabitarq.esy.es/login.php','login',1501721847),(669,'11956379-8','186.78.206.247','http://pruebahabitarq.esy.es/view/persona/ficha.php','update',1501721910),(670,'11956379-8','186.78.206.247','http://pruebahabitarq.esy.es//view/persona/focalizacion.php','update',1501722010),(671,'11956379-8','186.78.206.247','http://pruebahabitarq.esy.es/view/comite/grupal.php','error updating',1501722064),(672,'11956379-8','186.78.206.247','http://pruebahabitarq.esy.es/view/comite/grupal.php','error updating',1501722086),(673,'11956379-8','186.78.206.247','http://pruebahabitarq.esy.es//view/persona/focalizacion.php','update',1501722227),(674,'11956379-8','186.78.206.247','http://pruebahabitarq.esy.es/view/persona/ficha.php','update',1501722250),(675,'11956379-8','186.78.206.247','http://pruebahabitarq.esy.es/view/comite/grupal.php','error updating',1501722304),(676,'11956379-8','186.78.206.247','http://pruebahabitarq.esy.es/login.php','login',1501722470),(677,'14165260-5','168.205.206.20','http://pruebahabitarq.esy.es/login.php','login',1501722639),(678,'11956379-8','186.78.206.247','http://pruebahabitarq.esy.es/view/persona/ficha.php','update',1501722887),(679,'14165260-5','168.205.206.20','http://pruebahabitarq.esy.es/login.php','login',1501723022),(680,'14165260-5','168.205.206.20','http://pruebahabitarq.esy.es/login.php','login',1501723116),(681,'11956379-8','186.78.206.247','http://pruebahabitarq.esy.es//view/persona/focalizacion.php','update',1501723422),(682,'11956379-8','186.78.206.247','http://pruebahabitarq.esy.es/view/persona/ficha.php','update',1501723638),(683,'11956379-8','186.78.206.247','http://pruebahabitarq.esy.es/view/persona/ficha.php','update',1501723669),(684,'11956379-8','186.78.206.247','http://pruebahabitarq.esy.es//view/persona/focalizacion.php','update',1501723717),(685,'11956379-8','186.78.206.247','http://pruebahabitarq.esy.es/view/comite/grupal.php','add members',1501723949),(686,'11956379-8','186.78.206.247','http://pruebahabitarq.esy.es/view/comite/grupal.php','add members',1501724025),(687,'11956379-8','186.78.206.247','http://pruebahabitarq.esy.es/view/comite/grupal.php','add members',1501724040),(688,'11956379-8','186.78.206.247','http://pruebahabitarq.esy.es/view/persona/ficha.php','update',1501724248),(689,'11956379-8','186.78.206.247','http://pruebahabitarq.esy.es//view/persona/focalizacion.php','update',1501724272),(690,'11956379-8','186.78.206.247','http://pruebahabitarq.esy.es/view/persona/ficha.php','update',1501724347),(691,'11956379-8','186.78.206.247','http://pruebahabitarq.esy.es//view/persona/focalizacion.php','update',1501724368),(692,'11956379-8','186.78.206.247','http://pruebahabitarq.esy.es/view/persona/ficha.php','update',1501724436),(693,'11956379-8','186.78.206.247','http://pruebahabitarq.esy.es//view/persona/focalizacion.php','update',1501724459),(694,'11956379-8','186.78.206.247','http://pruebahabitarq.esy.es/view/comite/comite.php','add',1501724554),(695,'11956379-8','186.78.206.247','http://pruebahabitarq.esy.es/view/persona/ficha.php','update',1501724592),(696,'11956379-8','186.78.206.247','http://pruebahabitarq.esy.es//view/persona/focalizacion.php','update',1501724610),(697,'11956379-8','186.78.206.247','http://pruebahabitarq.esy.es/view/persona/ficha.php','update',1501724934),(698,'11956379-8','186.78.206.247','http://pruebahabitarq.esy.es//view/persona/focalizacion.php','update',1501724958),(699,'11956379-8','186.78.206.247','http://pruebahabitarq.esy.es/view/persona/ficha.php','update',1501725060),(700,'11956379-8','186.78.206.247','http://pruebahabitarq.esy.es//view/persona/focalizacion.php','update',1501725091),(701,'11956379-8','186.78.206.247','http://pruebahabitarq.esy.es/view/persona/cuenta.php','add',1501725393),(702,'11956379-8','186.78.206.247','http://pruebahabitarq.esy.es/view/comite/listcomite.php','add',1501725449),(703,'11956379-8','186.78.206.247','http://pruebahabitarq.esy.es/view/comite/grupal.php','add members',1501725492),(704,'11956379-8','186.78.206.247','http://pruebahabitarq.esy.es//view/persona/focalizacion.php','update',1501725571),(705,'11956379-8','186.78.206.247','http://pruebahabitarq.esy.es/view/persona/ficha.php','update',1501725621),(706,'11956379-8','186.78.206.247','http://pruebahabitarq.esy.es/view/persona/cuenta.php','update',1501725812),(707,'11956379-8','186.78.206.247','http://pruebahabitarq.esy.es/view/persona/ficha.php','update',1501725884),(708,'11956379-8','186.78.206.247','http://pruebahabitarq.esy.es//view/persona/focalizacion.php','update',1501725915),(709,'11956379-8','186.78.206.247','http://pruebahabitarq.esy.es/view/comite/comite.php','add',1501725984),(710,'11956379-8','186.78.206.247','http://pruebahabitarq.esy.es//view/persona/focalizacion.php','update',1501726067),(711,'11956379-8','186.78.206.247','http://pruebahabitarq.esy.es/view/persona/ficha.php','update',1501726092),(712,'11956379-8','186.78.206.247','http://pruebahabitarq.esy.es/view/persona/ficha.php','update',1501726151),(713,'11956379-8','186.78.206.247','http://pruebahabitarq.esy.es//view/persona/focalizacion.php','update',1501726175),(714,'11956379-8','186.78.206.247','http://pruebahabitarq.esy.es/view/persona/ficha.php','update',1501726252),(715,'11956379-8','186.78.206.247','http://pruebahabitarq.esy.es//view/persona/focalizacion.php','update',1501726280),(716,'11956379-8','186.78.206.247','http://pruebahabitarq.esy.es/view/comite/comite.php','add',1501726337),(717,'11956379-8','186.78.206.247','http://pruebahabitarq.esy.es/view/persona/ficha.php','update',1501726343),(718,'11956379-8','186.78.206.247','http://pruebahabitarq.esy.es/view/persona/ficha.php','update',1501726431),(719,'11956379-8','186.78.206.247','http://pruebahabitarq.esy.es//view/persona/focalizacion.php','update',1501726459),(720,'11956379-8','186.78.206.247','http://pruebahabitarq.esy.es//view/persona/focalizacion.php','update',1501726513),(721,'11956379-8','186.78.206.247','http://pruebahabitarq.esy.es/view/persona/ficha.php','update',1501726610),(722,'11956379-8','186.78.206.247','http://pruebahabitarq.esy.es/view/persona/ficha.php','update',1501726709),(723,'11956379-8','186.78.206.247','http://pruebahabitarq.esy.es/view/persona/ficha.php','update',1501726763),(724,'11956379-8','186.78.206.247','http://pruebahabitarq.esy.es//view/persona/focalizacion.php','update',1501726785),(725,'11956379-8','186.78.206.247','http://pruebahabitarq.esy.es/view/persona/ficha.php','update',1501726976),(726,'11956379-8','186.78.206.247','http://pruebahabitarq.esy.es//view/persona/focalizacion.php','update',1501727002),(727,'11956379-8','186.78.206.247','http://pruebahabitarq.esy.es/view/persona/ficha.php','update',1501727059),(728,'11956379-8','186.78.206.247','http://pruebahabitarq.esy.es//view/persona/focalizacion.php','update',1501727139),(729,'11956379-8','186.78.206.247','http://pruebahabitarq.esy.es//view/persona/focalizacion.php','update',1501727140),(730,'14165260-5','168.205.206.20','http://pruebahabitarq.esy.es/login.php','login',1501728921),(731,'14165260-5','168.205.206.20','http://pruebahabitarq.esy.es/login.php','login',1501730139),(732,'11956379-8','186.78.206.247','http://pruebahabitarq.esy.es/login.php','error',1501730971),(733,'11956379-8','186.78.206.247','http://pruebahabitarq.esy.es/login.php','login',1501730979),(734,'11956379-8','186.78.206.247','http://pruebahabitarq.esy.es//view/persona/focalizacion.php','update',1501731027),(735,'11956379-8','186.78.206.247','http://pruebahabitarq.esy.es/login.php','login',1501732650),(736,'11956379-8','186.78.206.247','http://pruebahabitarq.esy.es/login.php','error',1501733172),(737,'11956379-8','186.78.206.247','http://pruebahabitarq.esy.es/login.php','error',1501733181),(738,'11956379-8','186.78.206.247','http://pruebahabitarq.esy.es/login.php','error',1501733193),(739,'11956379-8','186.78.206.247','http://pruebahabitarq.esy.es/login.php','login',1501733216),(740,'11956379-8','186.78.206.247','http://pruebahabitarq.esy.es/view/comite/grupal.php','add members',1501733327),(741,'14165260-5','168.205.206.20','http://pruebahabitarq.esy.es/login.php','login',1501733752),(742,'11956379-8','200.68.9.93','http://pruebahabitarq.esy.es/login.php','login',1501768890),(743,'11956379-8','200.68.9.93','http://pruebahabitarq.esy.es//view/persona/focalizacion.php','update',1501769087),(744,'11956379-8','200.68.9.93','http://pruebahabitarq.esy.es//view/persona/focalizacion.php','update',1501769132),(745,'11956379-8','200.68.9.93','http://pruebahabitarq.esy.es//view/persona/focalizacion.php','update',1501769158),(746,'11956379-8','200.68.9.93','http://pruebahabitarq.esy.es//view/persona/focalizacion.php','update',1501769233),(747,'11956379-8','200.68.9.93','http://pruebahabitarq.esy.es//view/persona/focalizacion.php','update',1501769272),(748,'11956379-8','200.68.9.93','http://pruebahabitarq.esy.es//view/persona/focalizacion.php','update',1501769337),(749,'11956379-8','200.68.9.93','http://pruebahabitarq.esy.es//view/persona/focalizacion.php','update',1501769373),(750,'11956379-8','200.68.9.93','http://pruebahabitarq.esy.es//view/persona/focalizacion.php','update',1501769420),(751,'11956379-8','200.68.9.93','http://pruebahabitarq.esy.es//view/persona/focalizacion.php','update',1501769456),(752,'11956379-8','200.68.9.93','http://pruebahabitarq.esy.es//view/persona/focalizacion.php','update',1501769510),(753,'11956379-8','200.68.9.93','http://pruebahabitarq.esy.es//view/persona/focalizacion.php','update',1501769554),(754,'11956379-8','200.68.9.93','http://pruebahabitarq.esy.es/login.php','login',1501769670),(755,'11956379-8','200.68.9.93','http://pruebahabitarq.esy.es//view/persona/focalizacion.php','update',1501769873),(756,'11956379-8','200.68.9.93','http://pruebahabitarq.esy.es/view/comite/comite.php','add',1501773610),(757,'11956379-8','200.68.9.93','http://pruebahabitarq.esy.es/view/persona/ficha.php','update',1501773620),(758,'11956379-8','200.68.9.93','http://pruebahabitarq.esy.es/login.php','error',1501773742),(759,'11956379-8','200.68.9.93','http://pruebahabitarq.esy.es/login.php','login',1501773751),(760,'14165260-5','200.68.9.94','http://pruebahabitarq.esy.es/login.php','login',1501777085),(761,'14165260-5','200.68.9.94','http://pruebahabitarq.esy.es/view/comite/grupal.php','add members',1501777361),(762,'14165260-5','168.205.206.20','http://pruebahabitarq.esy.es/login.php','login',1501816673),(763,'11956379-8','186.78.144.212','http://pruebahabitarq.esy.es/login.php','login',1502117610),(764,'11956379-8','186.78.144.212','http://pruebahabitarq.esy.es/view/comite/comite.php','add',1502121073),(765,'11956379-8','186.78.144.212','http://pruebahabitarq.esy.es/view/persona/ficha.php','add',1502121188),(766,'11956379-8','186.78.144.212','http://pruebahabitarq.esy.es/view/persona/cuenta.php','add',1502121392),(767,'11956379-8','186.78.144.212','http://pruebahabitarq.esy.es/view/comite/listcomite.php','add',1502121487),(768,'11956379-8','186.78.144.212','http://pruebahabitarq.esy.es//view/persona/focalizacion.php','add',1502121514),(769,'11956379-8','186.78.144.212','http://pruebahabitarq.esy.es/view/persona/ficha.php','add',1502121769),(770,'11956379-8','186.78.144.212','http://pruebahabitarq.esy.es/view/persona/cuenta.php','add',1502121927),(771,'11956379-8','186.78.144.212','http://pruebahabitarq.esy.es/view/comite/listcomite.php','add',1502121977),(772,'11956379-8','186.78.144.212','http://pruebahabitarq.esy.es//view/persona/focalizacion.php','add',1502121999),(773,'11956379-8','186.78.144.212','http://pruebahabitarq.esy.es/view/comite/comite.php','add',1502122203),(774,'11956379-8','186.78.144.212','http://pruebahabitarq.esy.es/view/persona/ficha.php','add',1502122235),(775,'11956379-8','186.78.144.212','http://pruebahabitarq.esy.es/view/persona/cuenta.php','add',1502122370),(776,'11956379-8','186.78.144.212','http://pruebahabitarq.esy.es/view/comite/listcomite.php','add',1502122401),(777,'11956379-8','186.78.144.212','http://pruebahabitarq.esy.es//view/persona/focalizacion.php','add',1502122434),(778,'11956379-8','186.78.144.212','http://pruebahabitarq.esy.es/view/comite/comite.php','add',1502122729),(779,'11956379-8','186.78.144.212','http://pruebahabitarq.esy.es/view/persona/ficha.php','add',1502122759),(780,'11956379-8','186.78.144.212','http://pruebahabitarq.esy.es/view/persona/cuenta.php','add',1502122906),(781,'11956379-8','186.78.144.212','http://pruebahabitarq.esy.es/view/comite/listcomite.php','add',1502122950),(782,'11956379-8','186.78.144.212','http://pruebahabitarq.esy.es//view/persona/focalizacion.php','add',1502122971),(783,'11956379-8','186.78.144.212','http://pruebahabitarq.esy.es/view/persona/ficha.php','add',1502123159),(784,'11956379-8','186.78.144.212','http://pruebahabitarq.esy.es/view/persona/cuenta.php','add',1502123316),(785,'11956379-8','186.78.144.212','http://pruebahabitarq.esy.es/view/comite/listcomite.php','add',1502123338),(786,'11956379-8','186.78.144.212','http://pruebahabitarq.esy.es//view/persona/focalizacion.php','add',1502123365),(787,'11956379-8','186.78.144.212','http://pruebahabitarq.esy.es/view/comite/comite.php','add',1502123819),(788,'11956379-8','186.78.144.212','http://pruebahabitarq.esy.es/view/persona/ficha.php','add',1502123915),(789,'11956379-8','186.78.144.212','http://pruebahabitarq.esy.es/view/persona/cuenta.php','add',1502124152),(790,'11956379-8','186.78.144.212','http://pruebahabitarq.esy.es/view/comite/listcomite.php','add',1502124218),(791,'11956379-8','186.78.144.212','http://pruebahabitarq.esy.es//view/persona/focalizacion.php','add',1502124263),(792,'11956379-8','186.78.144.212','http://pruebahabitarq.esy.es/view/persona/ficha.php','add',1502124508),(793,'11956379-8','186.78.144.212','http://pruebahabitarq.esy.es/view/persona/cuenta.php','add',1502124651),(794,'11956379-8','186.78.144.212','http://pruebahabitarq.esy.es/view/comite/listcomite.php','add',1502124674),(795,'11956379-8','186.78.144.212','http://pruebahabitarq.esy.es//view/persona/focalizacion.php','add',1502124702),(796,'11956379-8','186.78.144.212','http://pruebahabitarq.esy.es/view/persona/ficha.php','add',1502125040),(797,'11956379-8','186.78.144.212','http://pruebahabitarq.esy.es/view/persona/cuenta.php','add',1502125163),(798,'11956379-8','186.78.144.212','http://pruebahabitarq.esy.es/login.php','login',1502125204),(799,'11956379-8','186.78.144.212','http://pruebahabitarq.esy.es/view/persona/ficha.php','update',1502125220),(800,'11956379-8','186.78.144.212','http://pruebahabitarq.esy.es/view/comite/listcomite.php','add',1502125251),(801,'11956379-8','186.78.144.212','http://pruebahabitarq.esy.es//view/persona/focalizacion.php','add',1502125274),(802,'11956379-8','186.78.144.212','http://pruebahabitarq.esy.es/view/comite/comite.php','add',1502125470),(803,'11956379-8','186.78.144.212','http://pruebahabitarq.esy.es/view/persona/ficha.php','add',1502125495),(804,'11956379-8','186.78.144.212','http://pruebahabitarq.esy.es/view/persona/cuenta.php','add',1502125644),(805,'11956379-8','186.78.144.212','http://pruebahabitarq.esy.es/view/comite/listcomite.php','add',1502125673),(806,'11956379-8','186.78.144.212','http://pruebahabitarq.esy.es//view/persona/focalizacion.php','add',1502125696),(807,'11956379-8','186.78.144.212','http://pruebahabitarq.esy.es/view/persona/ficha.php','add',1502126040),(808,'11956379-8','186.78.144.212','http://pruebahabitarq.esy.es/view/persona/cuenta.php','add',1502126531),(809,'11956379-8','186.78.144.212','http://pruebahabitarq.esy.es/view/comite/listcomite.php','add',1502126551),(810,'11956379-8','186.78.144.212','http://pruebahabitarq.esy.es//view/persona/focalizacion.php','add',1502126570),(811,'11956379-8','186.78.144.212','http://pruebahabitarq.esy.es/view/comite/comite.php','add',1502126769),(812,'11956379-8','186.78.144.212','http://pruebahabitarq.esy.es/view/persona/ficha.php','add',1502126826),(813,'11956379-8','186.78.144.212','http://pruebahabitarq.esy.es/view/persona/cuenta.php','add',1502126990),(814,'11956379-8','186.78.144.212','http://pruebahabitarq.esy.es/view/comite/listcomite.php','add',1502127017),(815,'11956379-8','186.78.144.212','http://pruebahabitarq.esy.es//view/persona/focalizacion.php','add',1502127067),(816,'11956379-8','186.78.144.212','http://pruebahabitarq.esy.es/view/persona/ficha.php','add',1502127250),(817,'11956379-8','186.78.144.212','http://pruebahabitarq.esy.es/view/persona/cuenta.php','add',1502127393),(818,'11956379-8','186.78.144.212','http://pruebahabitarq.esy.es/view/comite/listcomite.php','add',1502127452),(819,'11956379-8','186.78.144.212','http://pruebahabitarq.esy.es//view/persona/focalizacion.php','add',1502127476),(820,'11956379-8','186.78.144.212','http://pruebahabitarq.esy.es/view/comite/comite.php','add',1502127896),(821,'11956379-8','186.78.144.212','http://pruebahabitarq.esy.es/view/persona/ficha.php','add',1502127950),(822,'11956379-8','186.78.144.212','http://pruebahabitarq.esy.es/view/persona/cuenta.php','add',1502128108),(823,'11956379-8','186.78.144.212','http://pruebahabitarq.esy.es/view/comite/listcomite.php','add',1502128160),(824,'11956379-8','186.78.144.212','http://pruebahabitarq.esy.es//view/persona/focalizacion.php','add',1502128204),(825,'11956379-8','186.78.144.212','http://pruebahabitarq.esy.es/login.php','error',1502131988),(826,'11956379-8','186.78.144.212','http://pruebahabitarq.esy.es/login.php','login',1502131996),(827,'11956379-8','186.78.144.212','http://pruebahabitarq.esy.es/view/comite/comite.php','add',1502132206),(828,'11956379-8','186.78.144.212','http://pruebahabitarq.esy.es/view/persona/ficha.php','add',1502132251),(829,'11956379-8','186.78.144.212','http://pruebahabitarq.esy.es/view/persona/cuenta.php','add',1502132424),(830,'11956379-8','186.78.144.212','http://pruebahabitarq.esy.es/view/comite/listcomite.php','add',1502132445),(831,'11956379-8','186.78.144.212','http://pruebahabitarq.esy.es/view/persona/ficha.php','update',1502132641),(832,'11956379-8','186.78.144.212','http://pruebahabitarq.esy.es/view/comite/comite.php','add',1502132778),(833,'11956379-8','186.78.144.212','http://pruebahabitarq.esy.es/view/persona/ficha.php','add',1502132876),(834,'11956379-8','186.78.144.212','http://pruebahabitarq.esy.es/view/persona/cuenta.php','add',1502133036),(835,'11956379-8','186.78.144.212','http://pruebahabitarq.esy.es/view/comite/listcomite.php','add',1502133058),(836,'11956379-8','186.78.144.212','http://pruebahabitarq.esy.es/view/comite/listcomite.php','add',1502134063),(837,'11956379-8','186.78.144.212','http://pruebahabitarq.esy.es//view/persona/focalizacion.php','add',1502134088),(838,'11956379-8','186.78.144.212','http://pruebahabitarq.esy.es/view/persona/persona.php','update',1502134140),(839,'11956379-8','186.78.144.212','http://pruebahabitarq.esy.es/view/persona/ficha.php','update',1502134291),(840,'11956379-8','186.78.144.212','http://pruebahabitarq.esy.es/view/persona/cuenta.php','update',1502134371),(841,'11956379-8','186.78.144.212','http://pruebahabitarq.esy.es/view/comite/listcomite.php','add',1502134397),(842,'11956379-8','186.78.144.212','http://pruebahabitarq.esy.es//view/persona/focalizacion.php','add',1502134436),(843,'11956379-8','186.78.144.212','http://pruebahabitarq.esy.es/view/persona/persona.php','update',1502134499),(844,'11956379-8','186.78.144.212','http://pruebahabitarq.esy.es/view/persona/ficha.php','update',1502134598),(845,'11956379-8','186.78.144.212','http://pruebahabitarq.esy.es/view/persona/cuenta.php','update',1502134672),(846,'11956379-8','186.78.144.212','http://pruebahabitarq.esy.es/view/comite/listcomite.php','add',1502134705),(847,'11956379-8','186.78.144.212','http://pruebahabitarq.esy.es/view/comite/listcomite.php','add',1502134739),(848,'11956379-8','186.78.144.212','http://pruebahabitarq.esy.es//view/persona/focalizacion.php','add',1502134770),(849,'11956379-8','186.78.144.212','http://pruebahabitarq.esy.es/view/comite/listcomite.php','error add',1502134794),(850,'11956379-8','186.78.144.212','http://pruebahabitarq.esy.es/view/comite/listcomite.php','add',1502134917),(851,'11956379-8','186.78.144.212','http://pruebahabitarq.esy.es/view/persona/persona.php','update',1502135127),(852,'11956379-8','186.78.144.212','http://pruebahabitarq.esy.es/view/comite/listcomite.php','add',1502135268),(853,'11956379-8','186.78.144.212','http://pruebahabitarq.esy.es//view/persona/focalizacion.php','add',1502135299),(854,'11956379-8','186.78.144.212','http://pruebahabitarq.esy.es/view/persona/persona.php','update',1502135355),(855,'11956379-8','186.78.144.212','http://pruebahabitarq.esy.es/view/persona/ficha.php','update',1502135430),(856,'11956379-8','186.78.144.212','http://pruebahabitarq.esy.es/view/comite/listcomite.php','add',1502135559),(857,'11956379-8','186.78.144.212','http://pruebahabitarq.esy.es//view/persona/focalizacion.php','add',1502135586),(858,'11956379-8','186.78.144.212','http://pruebahabitarq.esy.es/view/comite/comite.php','add',1502135656),(859,'11956379-8','186.78.144.212','http://pruebahabitarq.esy.es/view/persona/ficha.php','update',1502135703),(860,'11956379-8','186.78.144.212','http://pruebahabitarq.esy.es/view/comite/listcomite.php','add',1502135785),(861,'11956379-8','186.78.144.212','http://pruebahabitarq.esy.es//view/persona/focalizacion.php','add',1502135806),(862,'14165260-5','168.205.206.20','http://pruebahabitarq.esy.es/login.php','login',1502135887),(863,'11956379-8','186.78.144.212','http://pruebahabitarq.esy.es/view/persona/persona.php','update',1502135987),(864,'11956379-8','186.78.144.212','http://pruebahabitarq.esy.es/view/persona/ficha.php','update',1502136046),(865,'11956379-8','186.78.144.212','http://pruebahabitarq.esy.es/view/comite/listcomite.php','add',1502136136),(866,'11956379-8','186.78.144.212','http://pruebahabitarq.esy.es//view/persona/focalizacion.php','add',1502136155),(867,'11956379-8','186.78.144.212','http://pruebahabitarq.esy.es/view/persona/persona.php','update',1502136249),(868,'14165260-5','168.205.206.20','http://pruebahabitarq.esy.es/view/comite/listcomite.php','add',1502136397),(869,'14165260-5','168.205.206.20','http://pruebahabitarq.esy.es/view/comite/listcomite.php','add',1502136446),(870,'11956379-8','186.78.144.212','http://pruebahabitarq.esy.es/view/comite/listcomite.php','add',1502136532),(871,'11956379-8','186.78.144.212','http://pruebahabitarq.esy.es//view/persona/focalizacion.php','add',1502136559),(872,'11956379-8','186.78.144.212','http://pruebahabitarq.esy.es/view/persona/persona.php','update',1502136648),(873,'11956379-8','186.78.144.212','http://pruebahabitarq.esy.es/view/persona/ficha.php','update',1502136713),(874,'11956379-8','186.78.144.212','http://pruebahabitarq.esy.es/view/persona/ficha.php','update',1502136747),(875,'11956379-8','186.78.144.212','http://pruebahabitarq.esy.es/view/comite/listcomite.php','add',1502137078),(876,'11956379-8','186.78.144.212','http://pruebahabitarq.esy.es//view/persona/focalizacion.php','add',1502137100),(877,'14165260-5','168.205.206.20','http://pruebahabitarq.esy.es/view/comite/listcomite.php','add',1502137198),(878,'11956379-8','186.78.144.212','http://pruebahabitarq.esy.es/view/persona/persona.php','update',1502137242),(879,'14165260-5','168.205.206.20','http://pruebahabitarq.esy.es/view/comite/listcomite.php','add',1502137315),(880,'11956379-8','186.78.144.212','http://pruebahabitarq.esy.es/view/persona/ficha.php','update',1502137435),(881,'11956379-8','186.78.144.212','http://pruebahabitarq.esy.es/view/comite/listcomite.php','add',1502137569),(882,'11956379-8','186.78.144.212','http://pruebahabitarq.esy.es//view/persona/focalizacion.php','add',1502137590),(883,'11956379-8','186.78.144.212','http://pruebahabitarq.esy.es/view/comite/comite.php','add',1502137703),(884,'11956379-8','186.78.144.212','http://pruebahabitarq.esy.es/view/persona/ficha.php','update',1502137727),(885,'11956379-8','186.78.144.212','http://pruebahabitarq.esy.es/view/comite/listcomite.php','add',1502137894),(886,'11956379-8','186.78.144.212','http://pruebahabitarq.esy.es//view/persona/focalizacion.php','add',1502137915),(887,'11956379-8','186.78.144.212','http://pruebahabitarq.esy.es/view/persona/persona.php','update',1502137961),(888,'14165260-5','168.205.206.20','http://pruebahabitarq.esy.es/view/comite/listcomite.php','add',1502138031),(889,'11956379-8','186.78.144.212','http://pruebahabitarq.esy.es/view/persona/ficha.php','update',1502138035),(890,'11956379-8','186.78.144.212','http://pruebahabitarq.esy.es/view/comite/listcomite.php','add',1502138166),(891,'11956379-8','186.78.144.212','http://pruebahabitarq.esy.es//view/persona/focalizacion.php','add',1502138190),(892,'11956379-8','186.78.144.212','http://pruebahabitarq.esy.es/view/persona/persona.php','update',1502138242),(893,'14165260-5','168.205.206.20','http://pruebahabitarq.esy.es/view/comite/listcomite.php','add',1502138271),(894,'11956379-8','186.78.144.212','http://pruebahabitarq.esy.es/view/comite/listcomite.php','add',1502138441),(895,'14165260-5','168.205.206.20','http://pruebahabitarq.esy.es/view/comite/listcomite.php','add',1502138459),(896,'11956379-8','186.78.144.212','http://pruebahabitarq.esy.es//view/persona/focalizacion.php','add',1502138462),(897,'11956379-8','186.78.144.212','http://pruebahabitarq.esy.es/view/persona/persona.php','update',1502139022),(898,'11956379-8','186.78.144.212','http://pruebahabitarq.esy.es/view/comite/comite.php','add',1502139080),(899,'11956379-8','186.78.144.212','http://pruebahabitarq.esy.es/view/persona/ficha.php','update',1502139122),(900,'11956379-8','186.78.144.212','http://pruebahabitarq.esy.es/view/comite/listcomite.php','add',1502139242),(901,'11956379-8','186.78.144.212','http://pruebahabitarq.esy.es/view/persona/persona.php','update',1502139325),(902,'11956379-8','186.78.144.212','http://pruebahabitarq.esy.es/view/comite/comite.php','add',1502139384),(903,'11956379-8','186.78.144.212','http://pruebahabitarq.esy.es/view/comite/listcomite.php','add',1502139645),(904,'11956379-8','186.78.144.212','http://pruebahabitarq.esy.es//view/persona/focalizacion.php','add',1502139669),(905,'11956379-8','186.78.144.212','http://pruebahabitarq.esy.es/view/persona/persona.php','update',1502139798),(906,'11956379-8','186.78.144.212','http://pruebahabitarq.esy.es/view/persona/ficha.php','update',1502139897),(907,'11956379-8','186.78.144.212','http://pruebahabitarq.esy.es/view/comite/listcomite.php','add',1502140038),(908,'11956379-8','186.78.144.212','http://pruebahabitarq.esy.es//view/persona/focalizacion.php','add',1502140054),(909,'11956379-8','186.78.144.212','http://pruebahabitarq.esy.es/view/persona/persona.php','update',1502140551),(910,'11956379-8','186.78.144.212','http://pruebahabitarq.esy.es/view/comite/comite.php','add',1502140661),(911,'11956379-8','186.78.144.212','http://pruebahabitarq.esy.es/view/comite/listcomite.php','add',1502140826),(912,'11956379-8','186.78.144.212','http://pruebahabitarq.esy.es//view/persona/focalizacion.php','add',1502140844),(913,'11956379-8','186.78.144.212','http://pruebahabitarq.esy.es/view/persona/persona.php','update',1502140897),(914,'11956379-8','186.78.144.212','http://pruebahabitarq.esy.es/view/comite/comite.php','add',1502141039),(915,'11956379-8','186.78.144.212','http://pruebahabitarq.esy.es/view/persona/ficha.php','update',1502141111),(916,'11956379-8','186.78.144.212','http://pruebahabitarq.esy.es/view/comite/listcomite.php','add',1502141284),(917,'11956379-8','186.78.144.212','http://pruebahabitarq.esy.es//view/persona/focalizacion.php','add',1502141304),(918,'11956379-8','186.78.144.212','http://pruebahabitarq.esy.es/view/persona/ficha.php','add',1502141490),(919,'11956379-8','186.78.144.212','http://pruebahabitarq.esy.es/view/persona/cuenta.php','add',1502141628),(920,'11956379-8','186.78.144.212','http://pruebahabitarq.esy.es/view/comite/listcomite.php','add',1502141650),(921,'11956379-8','186.78.144.212','http://pruebahabitarq.esy.es//view/persona/focalizacion.php','add',1502141669),(922,'11956379-8','186.78.144.212','http://pruebahabitarq.esy.es/view/comite/comite.php','add',1502141742),(923,'11956379-8','186.78.144.212','http://pruebahabitarq.esy.es/view/persona/ficha.php','add',1502141869),(924,'11956379-8','186.78.144.212','http://pruebahabitarq.esy.es/view/comite/listcomite.php','add',1502142003),(925,'11956379-8','186.78.144.212','http://pruebahabitarq.esy.es//view/persona/focalizacion.php','add',1502142022),(926,'11956379-8','186.78.144.212','http://pruebahabitarq.esy.es/view/persona/ficha.php','add',1502142183),(927,'11956379-8','186.78.144.212','http://pruebahabitarq.esy.es/view/persona/cuenta.php','add',1502142306),(928,'11956379-8','186.78.144.212','http://pruebahabitarq.esy.es/view/comite/listcomite.php','add',1502142328),(929,'11956379-8','186.78.144.212','http://pruebahabitarq.esy.es//view/persona/focalizacion.php','add',1502142342),(930,'11956379-8','186.78.144.212','http://pruebahabitarq.esy.es/view/persona/persona.php','update',1502142416),(931,'11956379-8','186.78.144.212','http://pruebahabitarq.esy.es/view/comite/listcomite.php','add',1502142668),(932,'11956379-8','186.78.144.212','http://pruebahabitarq.esy.es//view/persona/focalizacion.php','add',1502142684),(933,'11956379-8','186.78.144.212','http://pruebahabitarq.esy.es/view/persona/persona.php','update',1502142723),(934,'11956379-8','186.78.144.212','http://pruebahabitarq.esy.es/view/comite/listcomite.php','add',1502142898),(935,'11956379-8','186.78.144.212','http://pruebahabitarq.esy.es//view/persona/focalizacion.php','add',1502142915),(936,'11956379-8','186.78.144.212','http://pruebahabitarq.esy.es/view/persona/persona.php','update',1502142958),(937,'11956379-8','186.78.144.212','http://pruebahabitarq.esy.es/view/comite/comite.php','add',1502143005),(938,'11956379-8','186.78.144.212','http://pruebahabitarq.esy.es/view/comite/listcomite.php','add',1502143212),(939,'11956379-8','186.78.144.212','http://pruebahabitarq.esy.es//view/persona/focalizacion.php','add',1502143234),(940,'11956379-8','186.78.144.212','http://pruebahabitarq.esy.es/view/persona/persona.php','update',1502143279),(941,'11956379-8','186.78.144.212','http://pruebahabitarq.esy.es/view/comite/listcomite.php','add',1502143439),(942,'11956379-8','186.78.144.212','http://pruebahabitarq.esy.es//view/persona/focalizacion.php','add',1502143456),(943,'11956379-8','186.78.144.212','http://pruebahabitarq.esy.es/view/persona/persona.php','update',1502143538),(944,'11956379-8','186.78.144.212','http://pruebahabitarq.esy.es/view/persona/ficha.php','update',1502143608),(945,'11956379-8','186.78.144.212','http://pruebahabitarq.esy.es/view/comite/listcomite.php','add',1502143733),(946,'11956379-8','186.78.144.212','http://pruebahabitarq.esy.es//view/persona/focalizacion.php','add',1502143751),(947,'11956379-8','186.78.144.212','http://pruebahabitarq.esy.es/view/comite/grupal.php','add members',1502144450),(948,'11956379-8','186.78.144.212','http://pruebahabitarq.esy.es/view/comite/grupal.php','add members',1502144576),(949,'11956379-8','186.78.144.212','http://pruebahabitarq.esy.es/view/comite/grupal.php','add members',1502144676),(950,'14165260-5','186.9.89.15','http://pruebahabitarq.esy.es/login.php','login',1502145384),(951,'11956379-8','186.78.144.212','http://pruebahabitarq.esy.es/view/comite/grupal.php','add members',1502151384),(952,'11956379-8','186.78.144.212','http://pruebahabitarq.esy.es/login.php','login',1502151991),(953,'11956379-8','200.68.9.93','http://pruebahabitarq.esy.es/login.php','login',1502198545),(954,'11956379-8','200.68.9.93','http://pruebahabitarq.esy.es/view/comite/grupal.php','add members',1502198602),(955,'11956379-8','200.68.9.93','http://pruebahabitarq.esy.es/login.php','login',1502205046),(956,'11956379-8','200.68.9.93','http://pruebahabitarq.esy.es//view/persona/focalizacion.php','add',1502205071),(957,'11956379-8','200.68.9.93','http://pruebahabitarq.esy.es//view/persona/focalizacion.php','add',1502205101),(958,'11956379-8','200.68.9.93','http://pruebahabitarq.esy.es//view/persona/focalizacion.php','add',1502205122),(959,'11956379-8','200.68.9.93','http://pruebahabitarq.esy.es//view/persona/focalizacion.php','add',1502205151),(960,'11956379-8','200.68.9.93','http://pruebahabitarq.esy.es//view/persona/focalizacion.php','add',1502205174),(961,'11956379-8','200.68.9.93','http://pruebahabitarq.esy.es//view/persona/focalizacion.php','add',1502205195),(962,'11956379-8','200.68.9.93','http://pruebahabitarq.esy.es//view/persona/focalizacion.php','add',1502205215),(963,'11956379-8','200.68.9.93','http://pruebahabitarq.esy.es//view/persona/focalizacion.php','add',1502205234),(964,'11956379-8','200.68.9.93','http://pruebahabitarq.esy.es//view/persona/focalizacion.php','add',1502205256),(965,'11956379-8','200.68.9.93','http://pruebahabitarq.esy.es//view/persona/focalizacion.php','add',1502205276),(966,'11956379-8','200.68.9.93','http://pruebahabitarq.esy.es//view/persona/focalizacion.php','add',1502205365),(967,'11956379-8','200.68.9.93','http://pruebahabitarq.esy.es//view/persona/focalizacion.php','add',1502205408),(968,'11956379-8','200.68.9.93','http://pruebahabitarq.esy.es//view/persona/focalizacion.php','add',1502205423),(969,'11956379-8','200.68.9.93','http://pruebahabitarq.esy.es//view/persona/focalizacion.php','add',1502205439),(970,'11956379-8','200.68.9.93','http://pruebahabitarq.esy.es//view/persona/focalizacion.php','add',1502205492),(971,'11956379-8','200.68.9.93','http://pruebahabitarq.esy.es//view/persona/focalizacion.php','add',1502205559),(972,'11956379-8','200.68.9.93','http://pruebahabitarq.esy.es//view/persona/focalizacion.php','add',1502205575),(973,'11956379-8','200.68.9.93','http://pruebahabitarq.esy.es//view/persona/focalizacion.php','add',1502205591),(974,'11956379-8','200.68.9.93','http://pruebahabitarq.esy.es//view/persona/focalizacion.php','add',1502205736),(975,'11956379-8','200.68.9.93','http://pruebahabitarq.esy.es//view/persona/focalizacion.php','add',1502205753),(976,'11956379-8','200.68.9.93','http://pruebahabitarq.esy.es//view/persona/focalizacion.php','add',1502205803),(977,'11956379-8','200.68.9.93','http://pruebahabitarq.esy.es//view/persona/focalizacion.php','add',1502205816),(978,'11956379-8','200.68.9.93','http://pruebahabitarq.esy.es//view/persona/focalizacion.php','add',1502205970),(979,'11956379-8','200.68.9.93','http://pruebahabitarq.esy.es//view/persona/focalizacion.php','add',1502206030),(980,'11956379-8','200.68.9.93','http://pruebahabitarq.esy.es//view/persona/focalizacion.php','add',1502206046),(981,'11956379-8','200.68.9.93','http://pruebahabitarq.esy.es//view/persona/focalizacion.php','add',1502206062),(982,'11956379-8','200.68.9.93','http://pruebahabitarq.esy.es//view/persona/focalizacion.php','add',1502206115),(983,'11956379-8','200.68.9.93','http://pruebahabitarq.esy.es//view/persona/focalizacion.php','add',1502206133),(984,'11956379-8','200.68.9.93','http://pruebahabitarq.esy.es//view/persona/focalizacion.php','add',1502206172),(985,'14165260-5','168.205.206.20','http://pruebahabitarq.esy.es/login.php','login',1502213576),(986,'11956379-8','186.78.87.203','http://pruebahabitarq.esy.es/login.php','login',1502220114),(987,'11956379-8','186.78.87.203','http://pruebahabitarq.esy.es/view/comite/comite.php','add',1502220628),(988,'11956379-8','186.78.87.203','http://pruebahabitarq.esy.es/view/persona/ficha.php','add',1502220674),(989,'11956379-8','186.78.87.203','http://pruebahabitarq.esy.es/view/persona/cuenta.php','add',1502220988),(990,'11956379-8','186.78.87.203','http://pruebahabitarq.esy.es/view/comite/listcomite.php','add',1502221016),(991,'11956379-8','186.78.87.203','http://pruebahabitarq.esy.es//view/persona/focalizacion.php','add',1502221058),(992,'11956379-8','186.78.87.203','http://pruebahabitarq.esy.es/view/persona/ficha.php','add',1502221357),(993,'11956379-8','186.78.87.203','http://pruebahabitarq.esy.es/view/persona/cuenta.php','add',1502221500),(994,'11956379-8','186.78.87.203','http://pruebahabitarq.esy.es/view/comite/listcomite.php','add',1502221531),(995,'11956379-8','186.78.87.203','http://pruebahabitarq.esy.es//view/persona/focalizacion.php','add',1502221566),(996,'11956379-8','186.78.87.203','http://pruebahabitarq.esy.es/view/persona/ficha.php','add',1502221759),(997,'11956379-8','186.78.87.203','http://pruebahabitarq.esy.es/view/persona/cuenta.php','add',1502221907),(998,'11956379-8','186.78.87.203','http://pruebahabitarq.esy.es/view/comite/listcomite.php','add',1502221937),(999,'11956379-8','186.78.87.203','http://pruebahabitarq.esy.es//view/persona/focalizacion.php','add',1502221978),(1000,'11956379-8','186.78.87.203','http://pruebahabitarq.esy.es/view/persona/ficha.php','add',1502222368),(1001,'11956379-8','186.78.87.203','http://pruebahabitarq.esy.es/view/persona/cuenta.php','add',1502222498),(1002,'11956379-8','186.78.87.203','http://pruebahabitarq.esy.es/view/comite/listcomite.php','add',1502222522),(1003,'11956379-8','186.78.87.203','http://pruebahabitarq.esy.es//view/persona/focalizacion.php','add',1502222539),(1004,'11956379-8','186.78.87.203','http://pruebahabitarq.esy.es/view/persona/ficha.php','add',1502222766),(1005,'11956379-8','186.78.87.203','http://pruebahabitarq.esy.es/view/persona/cuenta.php','add',1502222875),(1006,'11956379-8','186.78.87.203','http://pruebahabitarq.esy.es/view/comite/listcomite.php','add',1502222903),(1007,'11956379-8','186.78.87.203','http://pruebahabitarq.esy.es/view/persona/ficha.php','add',1502223083),(1008,'11956379-8','186.78.87.203','http://pruebahabitarq.esy.es/view/persona/cuenta.php','add',1502223305),(1009,'11956379-8','186.78.87.203','http://pruebahabitarq.esy.es/view/comite/listcomite.php','add',1502223338),(1010,'11956379-8','186.78.87.203','http://pruebahabitarq.esy.es//view/persona/focalizacion.php','add',1502223359),(1011,'11956379-8','186.78.87.203','http://pruebahabitarq.esy.es/view/persona/ficha.php','add',1502223725),(1012,'11956379-8','186.78.87.203','http://pruebahabitarq.esy.es/view/persona/cuenta.php','add',1502223874),(1013,'11956379-8','186.78.87.203','http://pruebahabitarq.esy.es/view/comite/listcomite.php','add',1502223892),(1014,'11956379-8','186.78.87.203','http://pruebahabitarq.esy.es//view/persona/focalizacion.php','add',1502223910),(1015,'14165260-5','168.205.206.20','http://pruebahabitarq.esy.es/login.php','login',1502224051),(1016,'14165260-5','168.205.206.20','http://pruebahabitarq.esy.es/login.php','login',1502224065),(1017,'11956379-8','186.78.87.203','http://pruebahabitarq.esy.es/login.php','login',1502224493),(1018,'14165260-5','168.205.206.20','http://pruebahabitarq.esy.es/login.php','login',1502224749),(1019,'14165260-5','168.205.206.20','http://pruebahabitarq.esy.es/login.php','login',1502238034),(1020,'11956379-8','186.78.240.33','http://pruebahabitarq.esy.es/login.php','login',1502238528),(1021,'14165260-5','168.205.206.20','http://pruebahabitarq.esy.es/login.php','login',1502245329),(1022,'14165260-5','168.205.206.20','http://pruebahabitarq.esy.es/login.php','login',1502251497),(1023,'14165260-5','168.205.206.20','http://pruebahabitarq.esy.es/login.php','login',1502289995),(1024,'11956379-8','200.68.9.93','http://pruebahabitarq.esy.es/login.php','login',1502297480),(1025,'11956379-8','200.68.9.93','http://pruebahabitarq.esy.es/view/persona/cuenta.php','update',1502297999),(1026,'11956379-8','200.68.9.93','http://pruebahabitarq.esy.es/view/persona/cuenta.php','update',1502298034),(1027,'11956379-8','200.68.9.93','http://pruebahabitarq.esy.es/view/persona/cuenta.php','update',1502298442),(1028,'14165260-5','168.205.206.20','http://pruebahabitarq.esy.es/login.php','login',1502301726),(1029,'11956379-8','186.78.242.223','http://pruebahabitarq.esy.es/login.php','login',1502303719),(1030,'11956379-8','186.78.242.223','http://pruebahabitarq.esy.es/view/persona/cuenta.php','update',1502303747),(1031,'14165260-5','168.205.206.20','http://pruebahabitarq.esy.es/login.php','error',1502307707),(1032,'14165260-5','168.205.206.20','http://pruebahabitarq.esy.es/login.php','login',1502307718),(1033,'11956379-8','186.78.242.223','http://pruebahabitarq.esy.es/login.php','login',1502308093),(1034,'11956379-8','186.78.242.223','http://pruebahabitarq.esy.es/view/persona/persona.php','update',1502310767),(1035,'11956379-8','186.78.242.223','http://pruebahabitarq.esy.es/login.php','login',1502314637),(1036,'14165260-5','168.205.206.20','http://pruebahabitarq.esy.es/login.php','login',1502314808),(1037,'14165260-5','168.205.206.20','http://pruebahabitarq.esy.es/login.php','login',1502323622),(1038,'11956379-8','200.68.9.93','http://pruebahabitarq.esy.es/login.php','login',1502377604),(1039,'11956379-8','200.68.9.93','http://pruebahabitarq.esy.es/view/persona/ficha.php','update',1502385569),(1040,'11956379-8','186.78.122.246','http://pruebahabitarq.esy.es/login.php','error',1502397819),(1041,'11956379-8','186.78.122.246','http://pruebahabitarq.esy.es/login.php','login',1502397830),(1042,'14021077-3','186.78.122.246','http://pruebahabitarq.esy.es/login.php','login',1502398287),(1043,'11956379-8','186.78.122.246','http://pruebahabitarq.esy.es/view/persona/ficha.php','add',1502398379),(1044,'11956379-8','186.78.122.246','http://pruebahabitarq.esy.es/view/persona/cuenta.php','add',1502398597),(1045,'11956379-8','186.78.122.246','http://pruebahabitarq.esy.es/view/comite/listcomite.php','add',1502398671),(1046,'11956379-8','186.78.122.246','http://pruebahabitarq.esy.es//view/persona/focalizacion.php','add',1502398699),(1047,'14021077-3','186.78.122.246','http://pruebahabitarq.esy.es/view/persona/ficha.php','error add',1502398855),(1048,'14021077-3','186.78.122.246','http://pruebahabitarq.esy.es/view/comite/comite.php','add',1502399046),(1049,'14021077-3','186.78.122.246','http://pruebahabitarq.esy.es/view/persona/ficha.php','add',1502399095),(1050,'14021077-3','186.78.122.246','http://pruebahabitarq.esy.es/view/persona/cuenta.php','add',1502399457),(1051,'14021077-3','186.78.122.246','http://pruebahabitarq.esy.es/view/comite/listcomite.php','add',1502399514),(1052,'14021077-3','186.78.122.246','http://pruebahabitarq.esy.es//view/persona/focalizacion.php','add',1502399541),(1053,'14021077-3','186.78.122.246','http://pruebahabitarq.esy.es/view/persona/ficha.php','error add',1502399748),(1054,'14021077-3','186.78.122.246','http://pruebahabitarq.esy.es/view/comite/comite.php','add',1502399899),(1055,'14021077-3','186.78.122.246','http://pruebahabitarq.esy.es/view/persona/ficha.php','add',1502399975),(1056,'14021077-3','186.78.122.246','http://pruebahabitarq.esy.es/view/persona/cuenta.php','add',1502400073),(1057,'14021077-3','186.78.122.246','http://pruebahabitarq.esy.es/view/comite/listcomite.php','add',1502400166),(1058,'14021077-3','186.78.122.246','http://pruebahabitarq.esy.es/view/persona/persona.php','update',1502400679),(1059,'14021077-3','186.78.122.246','http://pruebahabitarq.esy.es/view/persona/persona.php','update',1502400742),(1060,'11956379-8','186.78.122.246','http://pruebahabitarq.esy.es/login.php','error',1502400835),(1061,'11956379-8','186.78.122.246','http://pruebahabitarq.esy.es/login.php','login',1502400841),(1062,'11956379-8','186.78.122.246','http://pruebahabitarq.esy.es/view/persona/ficha.php','update',1502400881),(1063,'11956379-8','186.78.122.246','http://pruebahabitarq.esy.es//view/persona/focalizacion.php','add',1502401038),(1064,'11956379-8','186.78.122.246','http://pruebahabitarq.esy.es/login.php','login',1502414943),(1065,'11956379-8','186.78.122.246','http://pruebahabitarq.esy.es/view/comite/comite.php','add',1502415409),(1066,'11956379-8','186.78.122.246','http://pruebahabitarq.esy.es/view/persona/ficha.php','add',1502415439),(1067,'11956379-8','186.78.122.246','http://pruebahabitarq.esy.es/view/persona/cuenta.php','add',1502415586),(1068,'11956379-8','186.78.122.246','http://pruebahabitarq.esy.es/view/comite/listcomite.php','error add',1502415614),(1069,'11956379-8','186.78.122.246','http://pruebahabitarq.esy.es/view/persona/ficha.php','add',1502416159),(1070,'11956379-8','186.78.122.246','http://pruebahabitarq.esy.es/view/persona/cuenta.php','add',1502416441),(1071,'11956379-8','186.78.122.246','http://pruebahabitarq.esy.es/view/comite/listcomite.php','add',1502416475),(1072,'14165260-5','168.205.206.20','http://pruebahabitarq.esy.es/login.php','login',1502416529),(1073,'11956379-8','186.78.122.246','http://pruebahabitarq.esy.es//view/persona/focalizacion.php','add',1502416550),(1074,'14165260-5','168.205.206.20','http://pruebahabitarq.esy.es/view/persona/persona.php','update',1502416696),(1075,'14165260-5','168.205.206.20','http://pruebahabitarq.esy.es/view/persona/persona.php','update',1502416709),(1076,'14165260-5','168.205.206.20','http://pruebahabitarq.esy.es/view/comite/listcomite.php','add',1502416981),(1077,'11956379-8','186.78.122.246','http://pruebahabitarq.esy.es/view/comite/comite.php','add',1502417176),(1078,'11956379-8','186.78.122.246','http://pruebahabitarq.esy.es/view/persona/ficha.php','add',1502417215),(1079,'11956379-8','186.78.122.246','http://pruebahabitarq.esy.es/view/persona/cuenta.php','add',1502417377),(1080,'11956379-8','186.78.122.246','http://pruebahabitarq.esy.es/view/comite/listcomite.php','add',1502417411),(1081,'11956379-8','186.78.122.246','http://pruebahabitarq.esy.es//view/persona/focalizacion.php','add',1502417447),(1082,'11956379-8','186.78.122.246','http://pruebahabitarq.esy.es/view/comite/comite.php','add',1502417645),(1083,'11956379-8','186.78.122.246','http://pruebahabitarq.esy.es/view/persona/ficha.php','add',1502417674),(1084,'11956379-8','186.78.122.246','http://pruebahabitarq.esy.es/view/persona/cuenta.php','add',1502418047),(1085,'11956379-8','186.78.122.246','http://pruebahabitarq.esy.es/view/comite/listcomite.php','add',1502418070),(1086,'11956379-8','186.78.122.246','http://pruebahabitarq.esy.es//view/persona/focalizacion.php','add',1502418090),(1087,'11956379-8','186.78.122.246','http://pruebahabitarq.esy.es/view/persona/ficha.php','add',1502418244),(1088,'11956379-8','186.78.122.246','http://pruebahabitarq.esy.es/view/persona/cuenta.php','add',1502418404),(1089,'11956379-8','186.78.122.246','http://pruebahabitarq.esy.es/view/comite/listcomite.php','add',1502418427),(1090,'11956379-8','186.78.122.246','http://pruebahabitarq.esy.es/view/persona/ficha.php','update',1502418470),(1091,'11956379-8','186.78.122.246','http://pruebahabitarq.esy.es//view/persona/focalizacion.php','add',1502418499),(1092,'11956379-8','186.78.122.246','http://pruebahabitarq.esy.es/view/persona/ficha.php','add',1502418725),(1093,'11956379-8','186.78.122.246','http://pruebahabitarq.esy.es/view/persona/cuenta.php','add',1502418881),(1094,'11956379-8','186.78.122.246','http://pruebahabitarq.esy.es/view/comite/listcomite.php','add',1502418907),(1095,'11956379-8','186.78.122.246','http://pruebahabitarq.esy.es//view/persona/focalizacion.php','add',1502418934),(1096,'11956379-8','186.78.122.246','http://pruebahabitarq.esy.es/view/comite/comite.php','add',1502419229),(1097,'11956379-8','186.78.122.246','http://pruebahabitarq.esy.es/view/persona/ficha.php','add',1502419250),(1098,'11956379-8','186.78.122.246','http://pruebahabitarq.esy.es/view/persona/cuenta.php','add',1502419394),(1099,'11956379-8','186.78.122.246','http://pruebahabitarq.esy.es/view/comite/listcomite.php','add',1502419419),(1100,'11956379-8','186.78.122.246','http://pruebahabitarq.esy.es//view/persona/focalizacion.php','add',1502419444),(1101,'14165260-5','168.205.206.20','http://pruebahabitarq.esy.es/login.php','login',1502420200),(1102,'11956379-8','186.78.122.246','http://pruebahabitarq.esy.es/login.php','login',1502420211),(1103,'14165260-5','168.205.206.20','http://pruebahabitarq.esy.es/login.php','login',1502420395),(1104,'11956379-8','186.78.122.246','http://pruebahabitarq.esy.es/login.php','login',1502422419),(1105,'11956379-8','186.78.122.246','http://pruebahabitarq.esy.es/login.php','login',1502422509),(1106,'14165260-5','168.205.206.20','http://pruebahabitarq.esy.es/login.php','login',1502422609),(1107,'11956379-8','186.78.122.246','http://pruebahabitarq.esy.es/login.php','login',1502422725),(1108,'14165260-5','168.205.206.20','http://pruebahabitarq.esy.es/login.php','login',1502422845),(1109,'14165260-5','168.205.206.20','http://pruebahabitarq.esy.es//view/persona/focalizacion.php','add',1502423452),(1110,'14165260-5','168.205.206.20','http://pruebahabitarq.esy.es//view/persona/focalizacion.php','update',1502424874),(1111,'14165260-5','168.205.206.20','http://pruebahabitarq.esy.es//view/persona/focalizacion.php','update',1502424897),(1112,'11956379-8','200.68.9.93','http://pruebahabitarq.esy.es/login.php','login',1502465383),(1113,'11956379-8','200.68.9.93','http://pruebahabitarq.esy.es//view/persona/focalizacion.php','update',1502465406),(1114,'11956379-8','200.68.9.93','http://pruebahabitarq.esy.es//view/persona/focalizacion.php','update',1502465417),(1115,'11956379-8','200.68.9.93','http://pruebahabitarq.esy.es/view/comite/grupal.php','add members',1502465593),(1116,'11956379-8','200.68.9.93','http://pruebahabitarq.esy.es/view/comite/grupal.php','add members',1502465616),(1117,'14021077-3','200.68.9.94','http://pruebahabitarq.esy.es/login.php','login',1502466614),(1118,'11956379-8','200.68.9.93','http://pruebahabitarq.esy.es/login.php','login',1502469873),(1119,'11956379-8','200.68.9.93','http://pruebahabitarq.esy.es/view/persona/ficha.php','add',1502470033),(1120,'11956379-8','200.68.9.93','http://pruebahabitarq.esy.es/view/persona/cuenta.php','add',1502470161),(1121,'11956379-8','200.68.9.93','http://pruebahabitarq.esy.es/view/comite/listcomite.php','add',1502470192),(1122,'11956379-8','200.68.9.93','http://pruebahabitarq.esy.es//view/persona/focalizacion.php','add',1502470222),(1123,'11956379-8','200.68.9.93','http://pruebahabitarq.esy.es/view/persona/ficha.php','add',1502470363),(1124,'11956379-8','200.68.9.93','http://pruebahabitarq.esy.es/view/persona/cuenta.php','add',1502470527),(1125,'11956379-8','200.68.9.93','http://pruebahabitarq.esy.es/view/comite/listcomite.php','add',1502470550),(1126,'11956379-8','200.68.9.93','http://pruebahabitarq.esy.es/view/comite/comite.php','add',1502470733),(1127,'11956379-8','200.68.9.93','http://pruebahabitarq.esy.es/view/persona/ficha.php','add',1502470756),(1128,'11956379-8','200.68.9.93','http://pruebahabitarq.esy.es/view/persona/cuenta.php','add',1502470903),(1129,'11956379-8','200.68.9.93','http://pruebahabitarq.esy.es/view/comite/listcomite.php','add',1502470937),(1130,'11956379-8','200.68.9.93','http://pruebahabitarq.esy.es/view/persona/ficha.php','add',1502471091),(1131,'11956379-8','200.68.9.93','http://pruebahabitarq.esy.es/view/persona/cuenta.php','add',1502471252),(1132,'11956379-8','200.68.9.93','http://pruebahabitarq.esy.es/view/comite/listcomite.php','add',1502471275),(1133,'11956379-8','200.68.9.93','http://pruebahabitarq.esy.es/view/comite/comite.php','add',1502471605),(1134,'11956379-8','200.68.9.93','http://pruebahabitarq.esy.es/view/persona/ficha.php','add',1502471637),(1135,'11956379-8','200.68.9.93','http://pruebahabitarq.esy.es/view/persona/cuenta.php','add',1502471769),(1136,'11956379-8','200.68.9.93','http://pruebahabitarq.esy.es/view/comite/listcomite.php','add',1502471791),(1137,'14165260-5','168.205.206.20','http://pruebahabitarq.esy.es/login.php','login',1502471995),(1138,'11956379-8','200.68.9.93','http://pruebahabitarq.esy.es/view/persona/ficha.php','add',1502472002),(1139,'11956379-8','200.68.9.93','http://pruebahabitarq.esy.es/view/persona/cuenta.php','add',1502472135),(1140,'11956379-8','200.68.9.93','http://pruebahabitarq.esy.es/view/comite/listcomite.php','add',1502472162),(1141,'11956379-8','200.68.9.93','http://pruebahabitarq.esy.es/view/comite/comite.php','add',1502472597),(1142,'11956379-8','200.68.9.93','http://pruebahabitarq.esy.es/view/persona/ficha.php','add',1502472614),(1143,'11956379-8','200.68.9.93','http://pruebahabitarq.esy.es/view/persona/cuenta.php','add',1502472753),(1144,'11956379-8','200.68.9.93','http://pruebahabitarq.esy.es/view/comite/listcomite.php','add',1502472779),(1145,'11956379-8','200.68.9.93','http://pruebahabitarq.esy.es/view/persona/ficha.php','add',1502474256),(1146,'11956379-8','200.68.9.93','http://pruebahabitarq.esy.es/view/persona/cuenta.php','add',1502474395),(1147,'11956379-8','200.68.9.93','http://pruebahabitarq.esy.es/view/comite/listcomite.php','add',1502474425),(1148,'11956379-8','200.68.9.93','http://pruebahabitarq.esy.es/view/persona/ficha.php','add',1502474692),(1149,'11956379-8','200.68.9.93','http://pruebahabitarq.esy.es/view/persona/persona.php','update',1502474716),(1150,'11956379-8','200.68.9.93','http://pruebahabitarq.esy.es/view/persona/cuenta.php','add',1502475002),(1151,'11956379-8','200.68.9.93','http://pruebahabitarq.esy.es/view/comite/listcomite.php','add',1502475030),(1152,'14021077-3','186.78.81.176','http://pruebahabitarq.esy.es/login.php','login',1502479012),(1153,'14021077-3','186.78.81.176','http://pruebahabitarq.esy.es/view/persona/ficha.php','error add',1502479346),(1154,'14021077-3','186.78.81.176','http://pruebahabitarq.esy.es/view/persona/ficha.php','add',1502479500),(1155,'14021077-3','186.78.81.176','http://pruebahabitarq.esy.es/view/persona/cuenta.php','add',1502480184),(1156,'14021077-3','186.78.81.176','http://pruebahabitarq.esy.es/view/comite/listcomite.php','add',1502480290),(1157,'14021077-3','186.78.81.176','http://pruebahabitarq.esy.es//view/persona/focalizacion.php','add',1502480666),(1158,'14021077-3','186.78.81.176','http://pruebahabitarq.esy.es/view/comite/comite.php','add',1502481073),(1159,'14021077-3','186.78.81.176','http://pruebahabitarq.esy.es/view/persona/ficha.php','add',1502481222),(1160,'11956379-8','186.78.81.176','http://pruebahabitarq.esy.es/login.php','login',1502481893),(1161,'14021077-3','186.78.81.176','http://pruebahabitarq.esy.es/view/persona/cuenta.php','add',1502482319),(1162,'14021077-3','186.78.81.176','http://pruebahabitarq.esy.es/view/comite/listcomite.php','add',1502482422),(1163,'14021077-3','186.78.81.176','http://pruebahabitarq.esy.es//view/persona/focalizacion.php','add',1502482447),(1164,'14021077-3','186.78.81.176','http://pruebahabitarq.esy.es/view/comite/comite.php','add',1502482775),(1165,'14021077-3','186.78.81.176','http://pruebahabitarq.esy.es/view/persona/ficha.php','add',1502482830),(1166,'14021077-3','186.78.81.176','http://pruebahabitarq.esy.es/view/persona/cuenta.php','add',1502483148),(1167,'14021077-3','186.78.81.176','http://pruebahabitarq.esy.es/view/comite/listcomite.php','add',1502483341),(1168,'14021077-3','186.78.81.176','http://pruebahabitarq.esy.es//view/persona/focalizacion.php','add',1502483435),(1169,'14165260-5','168.205.206.20','http://pruebahabitarq.esy.es/login.php','login',1502483565),(1170,'14021077-3','186.78.81.176','http://pruebahabitarq.esy.es/view/persona/ficha.php','add',1502483986),(1171,'14021077-3','186.78.81.176','http://pruebahabitarq.esy.es/view/persona/cuenta.php','add',1502484593),(1172,'14021077-3','186.78.81.176','http://pruebahabitarq.esy.es/view/persona/ficha.php','update',1502485035),(1173,'14021077-3','186.78.81.176','http://pruebahabitarq.esy.es/view/comite/listcomite.php','add',1502485202),(1174,'14021077-3','186.78.81.176','http://pruebahabitarq.esy.es/view/persona/ficha.php','update',1502485287),(1175,'14021077-3','186.78.81.176','http://pruebahabitarq.esy.es/view/comite/comite.php','add',1502485979),(1176,'14021077-3','186.78.81.176','http://pruebahabitarq.esy.es/view/persona/ficha.php','add',1502486222),(1177,'14021077-3','186.78.81.176','http://pruebahabitarq.esy.es/view/persona/cuenta.php','add',1502487203),(1178,'14021077-3','186.78.81.176','http://pruebahabitarq.esy.es/view/comite/listcomite.php','add',1502487314),(1179,'14021077-3','186.78.81.176','http://pruebahabitarq.esy.es//view/persona/focalizacion.php','add',1502487355),(1180,'11956379-8','186.78.237.96','http://pruebahabitarq.esy.es/login.php','login',1502581901),(1181,'11956379-8','186.78.237.96','http://pruebahabitarq.esy.es/view/contratistas/index.php','add',1502582365),(1182,'11956379-8','186.78.237.96','http://pruebahabitarq.esy.es/view/comite/grupal.php','add members',1502583017),(1183,'11956379-8','186.78.237.96','http://pruebahabitarq.esy.es/view/comite/grupal.php','add members',1502583072),(1184,'14165260-5','168.205.206.20','http://pruebahabitarq.esy.es/login.php','login',1502585676),(1185,'11956379-8','186.78.237.96','http://pruebahabitarq.esy.es/view/persona/ficha.php','update',1502587342),(1186,'11956379-8','186.78.237.96','http://pruebahabitarq.esy.es/view/persona/ficha.php','update',1502587398),(1187,'11956379-8','186.78.237.96','http://pruebahabitarq.esy.es//view/persona/focalizacion.php','add',1502587449),(1188,'11956379-8','186.78.237.96','http://pruebahabitarq.esy.es/view/persona/ficha.php','update',1502587497),(1189,'11956379-8','186.78.237.96','http://pruebahabitarq.esy.es//view/persona/focalizacion.php','add',1502587525),(1190,'11956379-8','186.78.237.96','http://pruebahabitarq.esy.es/view/persona/ficha.php','update',1502587579),(1191,'11956379-8','186.78.237.96','http://pruebahabitarq.esy.es/view/persona/ficha.php','update',1502587634),(1192,'11956379-8','186.78.237.96','http://pruebahabitarq.esy.es//view/persona/focalizacion.php','add',1502587661),(1193,'11956379-8','186.78.237.96','http://pruebahabitarq.esy.es/view/persona/ficha.php','update',1502587721),(1194,'11956379-8','186.78.237.96','http://pruebahabitarq.esy.es//view/persona/focalizacion.php','add',1502587743),(1195,'11956379-8','186.78.237.96','http://pruebahabitarq.esy.es/view/persona/ficha.php','update',1502587815),(1196,'11956379-8','186.78.237.96','http://pruebahabitarq.esy.es//view/persona/focalizacion.php','add',1502587843),(1197,'11956379-8','186.78.237.96','http://pruebahabitarq.esy.es/view/persona/ficha.php','update',1502587909),(1198,'11956379-8','186.78.237.96','http://pruebahabitarq.esy.es//view/persona/focalizacion.php','add',1502587930),(1199,'11956379-8','186.78.237.96','http://pruebahabitarq.esy.es/view/persona/ficha.php','update',1502587984),(1200,'11956379-8','186.78.237.96','http://pruebahabitarq.esy.es//view/persona/focalizacion.php','add',1502588002),(1201,'11956379-8','186.78.237.96','http://pruebahabitarq.esy.es/view/persona/ficha.php','update',1502588066),(1202,'11956379-8','186.78.237.96','http://pruebahabitarq.esy.es//view/persona/focalizacion.php','update',1502588085),(1203,'11956379-8','186.78.237.96','http://pruebahabitarq.esy.es/view/persona/ficha.php','update',1502588140),(1204,'11956379-8','186.78.237.96','http://pruebahabitarq.esy.es//view/persona/focalizacion.php','update',1502588192),(1205,'11956379-8','186.78.237.96','http://pruebahabitarq.esy.es/view/persona/ficha.php','update',1502588230),(1206,'11956379-8','186.78.237.96','http://pruebahabitarq.esy.es//view/persona/focalizacion.php','update',1502588266),(1207,'11956379-8','186.78.237.96','http://pruebahabitarq.esy.es/view/persona/ficha.php','update',1502588335),(1208,'11956379-8','186.78.237.96','http://pruebahabitarq.esy.es//view/persona/focalizacion.php','add',1502588382),(1209,'11956379-8','186.78.237.96','http://pruebahabitarq.esy.es/view/persona/ficha.php','update',1502588490),(1210,'11956379-8','186.78.237.96','http://pruebahabitarq.esy.es//view/persona/focalizacion.php','update',1502588517),(1211,'14165260-5','168.205.206.20','http://pruebahabitarq.esy.es/login.php','login',1502596575),(1212,'14165260-5','168.205.206.20','http://pruebahabitarq.esy.es/login.php','login',1502604302),(1213,'11956379-8','186.78.84.167','http://pruebahabitarq.esy.es/login.php','login',1502629744),(1214,'11956379-8','186.78.84.167','http://pruebahabitarq.esy.es/login.php','login',1502631548),(1215,'11956379-8','186.78.84.167','http://pruebahabitarq.esy.es/view/persona/persona.php','update',1502639035),(1216,'11956379-8','186.78.84.167','http://pruebahabitarq.esy.es/view/persona/ficha.php','update',1502643796),(1217,'11956379-8','186.78.84.167','http://pruebahabitarq.esy.es//view/persona/focalizacion.php','add',1502643863),(1218,'11956379-8','186.78.222.17','http://pruebahabitarq.esy.es/login.php','error',1502652247),(1219,'11956379-8','186.78.222.17','http://pruebahabitarq.esy.es/login.php','login',1502652255),(1220,'11956379-8','186.78.222.17','http://pruebahabitarq.esy.es/view/persona/ficha.php','update',1502652820),(1221,'14165260-5','168.205.206.20','http://pruebahabitarq.esy.es/login.php','login',1502660265),(1222,'14165260-5','168.205.206.20','http://pruebahabitarq.esy.es/login.php','login',1502666401),(1223,'11956379-8','200.68.9.93','http://pruebahabitarq.esy.es/login.php','error',1502725410),(1224,'11956379-8','200.68.9.93','http://pruebahabitarq.esy.es/login.php','login',1502725420),(1225,'11956379-8','186.78.176.186','http://pruebahabitarq.esy.es/login.php','error',1502759887),(1226,'11956379-8','186.78.176.186','http://pruebahabitarq.esy.es/login.php','login',1502759895),(1227,'14165260-5','186.9.129.231','http://pruebahabitarq.esy.es/login.php','login',1502762755),(1228,'14165260-5','186.9.129.231','http://pruebahabitarq.esy.es/view/persona/ficha.php','update',1502762943),(1229,'14165260-5','168.205.206.20','http://pruebahabitarq.esy.es/login.php','login',1502860731),(1230,'11956379-8','200.68.9.93','http://pruebahabitarq.esy.es/login.php','login',1502908211),(1231,'14165260-5','201.239.13.116','http://pruebahabitarq.esy.es/login.php','login',1502912938),(1232,'14165260-5','201.239.13.116','http://pruebahabitarq.esy.es/login.php','login',1502913170),(1233,'14165260-5','168.205.206.20','http://pruebahabitarq.esy.es/login.php','login',1502929764),(1234,'11956379-8','200.68.9.93','http://pruebahabitarq.esy.es/login.php','login',1502982803),(1235,'11956379-8','200.68.9.93','http://pruebahabitarq.esy.es/login.php','login',1502985429),(1236,'14165260-5','168.205.206.20','http://pruebahabitarq.esy.es/login.php','login',1502989701),(1237,'14165260-5','168.205.206.20','http://pruebahabitarq.esy.es/login.php','login',1502997366),(1238,'11956379-8','200.68.9.93','http://pruebahabitarq.esy.es/login.php','login',1502997542),(1239,'14165260-5','168.205.206.20','http://pruebahabitarq.esy.es/login.php','login',1503003847),(1240,'11956379-8','186.78.106.215','http://pruebahabitarq.esy.es/login.php','error',1503004219),(1241,'11956379-8','186.78.106.215','http://pruebahabitarq.esy.es/login.php','login',1503004226),(1242,'14021077-3','186.78.106.215','http://pruebahabitarq.esy.es/login.php','login',1503007025),(1243,'11956379-8','186.78.106.215','http://pruebahabitarq.esy.es/login.php','login',1503007786),(1244,'14021077-3','186.78.106.215','http://pruebahabitarq.esy.es//view/persona/focalizacion.php','add',1503008141),(1245,'14021077-3','186.78.106.215','http://pruebahabitarq.esy.es//view/persona/focalizacion.php','add',1503008279),(1246,'14021077-3','186.78.106.215','http://pruebahabitarq.esy.es//view/persona/focalizacion.php','add',1503008440),(1247,'14021077-3','186.78.106.215','http://pruebahabitarq.esy.es//view/persona/focalizacion.php','add',1503008520),(1248,'14021077-3','186.78.106.215','http://pruebahabitarq.esy.es//view/persona/focalizacion.php','add',1503008622),(1249,'14021077-3','186.78.106.215','http://pruebahabitarq.esy.es//view/persona/focalizacion.php','add',1503008674),(1250,'14021077-3','186.78.106.215','http://pruebahabitarq.esy.es//view/persona/focalizacion.php','update',1503008699),(1251,'14021077-3','186.78.106.215','http://pruebahabitarq.esy.es//view/persona/focalizacion.php','add',1503008890),(1252,'14021077-3','186.78.106.215','http://pruebahabitarq.esy.es//view/persona/focalizacion.php','add',1503008995),(1253,'14021077-3','186.78.106.215','http://pruebahabitarq.esy.es//view/persona/focalizacion.php','add',1503009109),(1254,'14021077-3','186.78.106.215','http://pruebahabitarq.esy.es//view/persona/focalizacion.php','add',1503009275),(1255,'14021077-3','186.78.106.215','http://pruebahabitarq.esy.es//view/persona/focalizacion.php','add',1503009372),(1256,'14021077-3','186.78.106.215','http://pruebahabitarq.esy.es//view/persona/focalizacion.php','add',1503009447),(1257,'14021077-3','186.78.106.215','http://pruebahabitarq.esy.es//view/persona/focalizacion.php','add',1503009502),(1258,'14021077-3','186.78.106.215','http://pruebahabitarq.esy.es//view/persona/focalizacion.php','add',1503009604),(1259,'14021077-3','186.78.106.215','http://pruebahabitarq.esy.es//view/persona/focalizacion.php','add',1503009654),(1260,'14021077-3','186.78.106.215','http://pruebahabitarq.esy.es//view/persona/focalizacion.php','add',1503009711),(1261,'14021077-3','186.78.106.215','http://pruebahabitarq.esy.es//view/persona/focalizacion.php','add',1503009782),(1262,'14021077-3','186.78.106.215','http://pruebahabitarq.esy.es//view/persona/focalizacion.php','add',1503009842),(1263,'14021077-3','186.78.106.215','http://pruebahabitarq.esy.es//view/persona/focalizacion.php','add',1503009910),(1264,'14021077-3','186.78.106.215','http://pruebahabitarq.esy.es//view/persona/focalizacion.php','add',1503009958),(1265,'14021077-3','186.78.106.215','http://pruebahabitarq.esy.es//view/persona/focalizacion.php','add',1503010000),(1266,'14021077-3','186.78.106.215','http://pruebahabitarq.esy.es//view/persona/focalizacion.php','add',1503010049),(1267,'14021077-3','186.78.106.215','http://pruebahabitarq.esy.es//view/persona/focalizacion.php','add',1503010104),(1268,'14021077-3','186.78.106.215','http://pruebahabitarq.esy.es//view/persona/focalizacion.php','add',1503010159),(1269,'14021077-3','186.78.106.215','http://pruebahabitarq.esy.es//view/persona/focalizacion.php','add',1503010219),(1270,'14021077-3','186.78.106.215','http://pruebahabitarq.esy.es//view/persona/focalizacion.php','add',1503010271),(1271,'14021077-3','186.78.106.215','http://pruebahabitarq.esy.es//view/persona/focalizacion.php','add',1503010327),(1272,'14021077-3','186.78.106.215','http://pruebahabitarq.esy.es//view/persona/focalizacion.php','add',1503010374),(1273,'14021077-3','186.78.106.215','http://pruebahabitarq.esy.es//view/persona/focalizacion.php','add',1503010416),(1274,'11956379-8','186.78.106.215','http://pruebahabitarq.esy.es/login.php','error',1503010686),(1275,'11956379-8','186.78.106.215','http://pruebahabitarq.esy.es/login.php','login',1503010695),(1276,'14021077-3','186.78.106.215','http://pruebahabitarq.esy.es//view/persona/focalizacion.php','update',1503010864),(1277,'14021077-3','186.78.106.215','http://pruebahabitarq.esy.es//view/persona/focalizacion.php','add',1503010948),(1278,'14165260-5','168.205.206.20','http://pruebahabitarq.esy.es/login.php','login',1503015691),(1279,'14165260-5','168.205.206.20','http://pruebahabitarq.esy.es/login.php','login',1503016035),(1280,'11956379-8','186.78.106.215','http://pruebahabitarq.esy.es/login.php','login',1503024639),(1281,'14165260-5','186.9.129.103','http://pruebahabitarq.esy.es/login.php','login',1503086622),(1282,'14165260-5','168.205.207.62','http://pruebahabitarq.esy.es/login.php','login',1504063034),(1283,'14165260-5','186.9.130.146','http://pruebahabitarq.esy.es/login.php','login',1504105060),(1284,'14165260-5','168.205.206.20','http://pruebahabitarq.esy.es/login.php','login',1504403662),(1285,'14165260-5','168.205.206.20','http://pruebahabitarq.esy.es/login.php','error',1504409663),(1286,'14165260-5','168.205.206.20','http://pruebahabitarq.esy.es/login.php','login',1504409671),(1287,'14165260-5','186.9.128.86','http://pruebahabitarq.esy.es/login.php','login',1506035044),(1288,'14165260-5','168.205.207.14','http://pruebahabitarq.esy.es/login.php','login',1506892052),(1289,'14165260-5','168.205.207.14','http://pruebahabitarq.esy.es/login.php','login',1507089755),(1290,'14165260-5','168.205.207.14','http://pruebahabitarq.esy.es/login.php','login',1507090020),(1291,'14165260-5','168.205.207.14','http://pruebahabitarq.esy.es/login.php','login',1507092663),(1292,'14165260-5','168.205.207.14','http://pruebahabitarq.esy.es/login.php','login',1507140513),(1293,'14165260-5','186.9.128.153','http://pruebahabitarq.esy.es/login.php','login',1507143959),(1294,'14165260-5','168.205.207.14','http://pruebahabitarq.esy.es/login.php','login',1507152382),(1295,'14165260-5','168.205.207.14','http://pruebahabitarq.esy.es/login.php','login',1507152556),(1296,'14165260-5','181.43.79.228','http://pruebahabitarq.esy.es/login.php','login',1507161319),(1297,'14165260-5','168.205.207.14','http://pruebahabitarq.esy.es/login.php','login',1507166853),(1298,'14165260-5','168.205.207.14','http://pruebahabitarq.esy.es/login.php','login',1507169837),(1299,'14165260-5','186.9.131.217','http://pruebahabitarq.esy.es/login.php','login',1507310033),(1300,'14165260-5','168.205.207.14','http://pruebahabitarq.esy.es/login.php','login',1507514921),(1301,'14165260-5','168.205.207.14','http://pruebahabitarq.esy.es/login.php','login',1507532121),(1302,'14165260-5','186.9.130.153','http://pruebahabitarq.esy.es/login.php','login',1507667230),(1303,'14165260-5','168.205.207.80','http://pruebahabitarq.esy.es/login.php','login',1507681200),(1304,'14165260-5','186.9.128.89','http://pruebahabitarq.esy.es/login.php','login',1507750723),(1305,'14165260-5','200.9.234.6','http://pruebahabitarq.esy.es/login.php','login',1507914756),(1306,'14165260-5','168.205.207.14','http://pruebahabitarq.esy.es/login.php','error',1508114582),(1307,'11956379-8','186.78.174.64','http://pruebahabitarq.esy.es/login.php','login',1508178947),(1308,'14165260-5','186.9.130.206','http://pruebahabitarq.esy.es/login.php','login',1508180778),(1309,'14165260-5','186.78.174.64','http://pruebahabitarq.esy.es/login.php','login',1508183433),(1310,'14165260-5','168.205.207.14','http://pruebahabitarq.esy.es/login.php','login',1508213018),(1311,'11956379-8','190.151.45.122','http://pruebahabitarq.esy.es/login.php','login',1508242890),(1312,'11956379-8','186.78.76.247','http://pruebahabitarq.esy.es/login.php','login',1508266670),(1313,'14165260-5','186.9.128.198','http://pruebahabitarq.esy.es/login.php','login',1508362792),(1314,'14165260-5','186.9.128.198','http://pruebahabitarq.esy.es/login.php','login',1508363728),(1315,'14165260-5','168.205.207.14','http://pruebahabitarq.esy.es/login.php','login',1508460211),(1316,'14165260-5','168.205.207.14','http://pruebahabitarq.esy.es/login.php','login',1508476922),(1317,'14165260-5','168.205.207.14','http://pruebahabitarq.esy.es/login.php','login',1508481093),(1318,'14165260-5','186.9.134.242','http://pruebahabitarq.esy.es/login.php','login',1508532231),(1319,'14165260-5','186.9.134.242','http://pruebahabitarq.esy.es/view/comite/listcomite.php','add',1508532351),(1320,'14165260-5','186.9.130.84','http://pruebahabitarq.esy.es/login.php','login',1508622750),(1321,'14165260-5','168.205.207.14','http://pruebahabitarq.esy.es/login.php','login',1508977445),(1322,'14165260-5','186.9.129.72','http://pruebahabitarq.esy.es/login.php','login',1509052229),(1323,'14165260-5','186.9.129.72','http://pruebahabitarq.esy.es/login.php','login',1509057813),(1324,'14165260-5','168.205.207.14','http://pruebahabitarq.esy.es/login.php','login',1509085477),(1325,'14165260-5','168.205.207.14','http://pruebahabitarq.esy.es/login.php','login',1509678286),(1326,'14165260-5','168.205.207.14','http://pruebahabitarq.esy.es/login.php','login',1509679907),(1327,'14165260-5','168.205.207.14','http://pruebahabitarq.esy.es/login.php','login',1509680237),(1328,'11956379-8','190.151.45.122','http://pruebahabitarq.esy.es/login.php','login',1509720673),(1329,'14165260-5','168.205.207.14','http://pruebahabitarq.esy.es/login.php','login',1509769677),(1330,'14165260-5','186.9.130.242','http://pruebahabitarq.esy.es/login.php','login',1510083188),(1331,'14021077-3','186.78.137.90','http://pruebahabitarq.esy.es/login.php','login',1510083934),(1332,'14021077-3','186.78.137.90','http://pruebahabitarq.esy.es/login.php','login',1510084339),(1333,'14165260-5','186.9.130.242','http://pruebahabitarq.esy.es/login.php','login',1510085526),(1334,'14165260-5','201.239.13.116','http://habitarq.vhn.cl/login.php','login',1510611794),(1335,'14165260-5','201.239.13.116','http://habitarq.vhn.cl/login.php','login',1510611844),(1336,'14165260-5','186.9.132.95','http://habitarq.vhn.cl/login.php','login',1510617586),(1337,'14165260-5','186.9.132.95','http://habitarq.vhn.cl/login.php','login',1510617651),(1338,'14165260-5','168.205.207.14','http://habitarq.vhn.cl/login.php','login',1510632526),(1339,'14165260-5','168.205.207.14','http://habitarq.vhn.cl/login.php','login',1510701154),(1340,'14165260-5','168.205.207.14','http://habitarq.vhn.cl/login.php','login',1510802676),(1341,'14165260-5','168.205.207.14','http://habitarq.vhn.cl/login.php','login',1510803207),(1342,'14165260-5','168.205.207.14','http://habitarq.vhn.cl/login.php','login',1510931742),(1343,'14165260-5','168.205.207.14','http://habitarq.vhn.cl/login.php','login',1511029158),(1344,'14165260-5','168.205.207.14','http://habitarq.vhn.cl/login.php','login',1511029181),(1345,'14165260-5','168.205.207.14','http://habitarq.vhn.cl/login.php','login',1511135468),(1346,'14165260-5','168.205.207.14','http://habitarq.vhn.cl/login.php','login',1511303806),(1347,'14165260-5','168.205.207.14','http://habitarq.vhn.cl/login.php','login',1511368105),(1348,'14165260-5','168.205.207.14','http://habitarq.vhn.cl/login.php','login',1511374867),(1349,'14021077-3','186.78.110.150','http://habitarq.vhn.cl/login.php','login',1511378152),(1350,'14021077-3','191.125.170.41','http://habitarq.vhn.cl/login.php','login',1511378678),(1351,'14021077-3','191.125.170.41','http://habitarq.vhn.cl/login.php','login',1511378695),(1352,'14165260-5','186.9.131.180','http://habitarq.vhn.cl/login.php','login',1511378780),(1353,'17498522-7','186.9.131.180','http://habitarq.vhn.cl/login.php','login',1511379195),(1354,'14021077-3','186.78.110.150','http://habitarq.vhn.cl/login.php','login',1511379733),(1355,'14165260-5','168.205.207.14','http://habitarq.vhn.cl/login.php','login',1511383107),(1356,'14165260-5','168.205.207.14','http://habitarq.vhn.cl/login.php','login',1511385773),(1357,'14165260-5','168.205.207.14','http://habitarq.vhn.cl/login.php','login',1511396794),(1358,'14165260-5','181.42.10.111','http://habitarq.vhn.cl/login.php','login',1511710993),(1359,'14021077-3','190.151.45.122','http://habitarq.vhn.cl/login.php','login',1511791010),(1360,'14165260-5','168.205.207.14','http://habitarq.vhn.cl/login.php','login',1512009157),(1361,'14165260-5','168.205.207.14','http://habitarq.vhn.cl/login.php','login',1512009600),(1362,'14165260-5','168.205.207.14','http://habitarq.vhn.cl/login.php','login',1512010618),(1363,'14165260-5','168.205.207.14','http://habitarq.vhn.cl/view/comite/editbulk.php','update vivienda data',1512011318),(1364,'14165260-5','168.205.207.14','http://habitarq.vhn.cl/view/comite/editbulk.php','update vivienda data',1512011324),(1365,'14165260-5','186.78.42.160','http://habitarq.vhn.cl/login.php','error',1512066004),(1366,'14165260-5','186.78.42.160','http://habitarq.vhn.cl/login.php','login',1512066021),(1367,'14165260-5','168.205.207.14','http://habitarq.vhn.cl/login.php','login',1512067719),(1368,'14165260-5','186.9.132.5','http://habitarq.vhn.cl/login.php','error',1512074320),(1369,'14165260-5','186.9.132.5','http://habitarq.vhn.cl/login.php','login',1512074331),(1370,'14165260-5','168.205.207.144','http://habitarq.vhn.cl/login.php','login',1512507453),(1371,'14021077-3','186.78.229.24','http://habitarq.vhn.cl/login.php','login',1512588760),(1372,'14021077-3','186.78.229.24','http://habitarq.vhn.cl/view/comite/editbulk.php','update vivienda data',1512588800),(1373,'14021077-3','186.78.229.24','http://habitarq.vhn.cl/view/comite/editbulk.php','update vivienda data',1512588897),(1374,'14021077-3','186.78.229.24','http://habitarq.vhn.cl/login.php','login',1512590586),(1375,'14165260-5','186.9.129.59','http://habitarq.vhn.cl/login.php','login',1512877124),(1376,'14165260-5','168.205.207.144','http://habitarq.vhn.cl/login.php','login',1513023425),(1377,'14165260-5','168.205.207.144','http://habitarq.vhn.cl/login.php','login',1513042675),(1378,'14165260-5','168.205.207.144','http://habitarq.vhn.cl/login.php','login',1513111752),(1379,'14165260-5','168.205.207.144','http://habitarq.vhn.cl/login.php','login',1513217021),(1380,'14021077-3','186.78.3.14','http://habitarq.vhn.cl/login.php','login',1513601539),(1381,'17498522-7','186.78.3.14','http://habitarq.vhn.cl/login.php','login',1513601544),(1382,'14021077-3','186.78.3.14','http://habitarq.vhn.cl/login.php','login',1513610706),(1383,'14165260-5','168.205.207.144','http://habitarq.vhn.cl/login.php','login',1513615693),(1384,'14165260-5','186.9.128.247','http://habitarq.vhn.cl/login.php','login',1513617730),(1385,'14021077-3','186.78.36.216','http://habitarq.vhn.cl/login.php','login',1513620594),(1386,'14021077-3','186.78.36.216','http://habitarq.vhn.cl/login.php','login',1513620658),(1387,'17498522-7','186.78.36.216','http://habitarq.vhn.cl/login.php','login',1513620672),(1388,'14165260-5','168.205.207.144','http://habitarq.vhn.cl/login.php','login',1513731131),(1389,'14165260-5','168.205.207.144','http://habitarq.vhn.cl/login.php','login',1513753844),(1390,'17498522-7','186.78.22.137','http://habitarq.vhn.cl/login.php','login',1513793459),(1391,'14021077-3','186.78.22.137','http://habitarq.vhn.cl/login.php','login',1513793591),(1392,'14021077-3','191.126.25.137','http://habitarq.vhn.cl/login.php','login',1513793889),(1393,'14021077-3','191.126.25.137','http://habitarq.vhn.cl/view/dir.php','add dir',1513793937),(1394,'11956379-8','186.78.22.137','http://habitarq.vhn.cl/login.php','login',1513794603),(1395,'14021077-3','191.126.25.137','http://habitarq.vhn.cl/login.php','error',1513797849),(1396,'14021077-3','191.126.25.137','http://habitarq.vhn.cl/login.php','login',1513797868),(1397,'14165260-5','168.205.207.144','http://habitarq.vhn.cl/login.php','login',1513801150),(1398,'14021077-3','191.126.25.137','http://habitarq.vhn.cl/login.php','login',1513807100),(1399,'14165260-5','168.205.207.144','http://habitarq.vhn.cl/login.php','error',1513886773),(1400,'14165260-5','168.205.207.144','http://habitarq.vhn.cl/login.php','login',1513886783),(1401,'17498522-7','186.78.195.227','http://habitarq.vhn.cl/login.php','login',1513888542),(1402,'14165260-5','168.205.207.144','http://habitarq.vhn.cl/login.php','login',1513914089),(1403,'14165260-5','168.205.207.144','http://habitarq.vhn.cl/view/dir.php','add dir',1513914146),(1404,'14165260-5','168.205.207.144','http://habitarq.vhn.cl/login.php','login',1513915150),(1405,'14165260-5','168.205.207.144','http://habitarq.vhn.cl/view/dir.php','add dir',1513915158),(1406,'14165260-5','168.205.207.144','http://habitarq.vhn.cl/login.php','login',1513919730),(1407,'14165260-5','186.9.134.207','http://habitarq.vhn.cl/login.php','login',1514089015),(1408,'14021077-3','186.78.70.221','http://habitarq.vhn.cl/login.php','login',1514295635),(1409,'14021077-3','186.78.70.221','http://habitarq.vhn.cl/view/dir.php','add dir',1514295669),(1410,'17498522-7','186.78.70.221','http://habitarq.vhn.cl/login.php','login',1514295808),(1411,'11956379-8','186.78.70.221','http://habitarq.vhn.cl/login.php','error',1514295830),(1412,'11956379-8','186.78.70.221','http://habitarq.vhn.cl/login.php','login',1514295951),(1413,'17498522-7','186.78.70.221','http://habitarq.vhn.cl/login.php','login',1514296150),(1414,'14021077-3','186.78.144.133','http://habitarq.vhn.cl/login.php','login',1514297665),(1415,'17498522-7','191.116.42.172','http://habitarq.vhn.cl/login.php','login',1514298708),(1416,'17498522-7','186.78.230.27','http://habitarq.vhn.cl/login.php','login',1514895801),(1417,'14021077-3','186.78.230.27','http://habitarq.vhn.cl/login.php','login',1514918269),(1418,'11956379-8','186.78.230.27','http://habitarq.vhn.cl/login.php','login',1514918823),(1419,'14165260-5','168.205.207.144','http://habitarq.vhn.cl/login.php','login',1514948514),(1420,'14165260-5','168.205.207.144','http://habitarq.vhn.cl/login.php','login',1514948689),(1421,'14165260-5','168.205.207.144','http://habitarq.vhn.cl/login.php','login',1515091624),(1422,'14165260-5','168.205.207.144','http://habitarq.vhn.cl/login.php','login',1515204702),(1423,'11956379-8','186.78.137.89','http://habitarq.vhn.cl/login.php','login',1515526733),(1424,'17498522-7','186.78.243.68','http://habitarq.vhn.cl/login.php','login',1515586875),(1425,'14021077-3','186.78.243.68','http://habitarq.vhn.cl/login.php','login',1515587616),(1426,'14021077-3','186.78.243.68','http://habitarq.vhn.cl/view/dir.php','add dir',1515587649),(1427,'17498522-7','186.78.243.68','http://habitarq.vhn.cl/login.php','login',1515600944),(1428,'14021077-3','186.78.243.68','http://habitarq.vhn.cl/login.php','login',1515601799),(1429,'17498522-7','186.78.122.98','http://habitarq.vhn.cl/login.php','login',1515672930),(1430,'14021077-3','186.78.122.98','http://habitarq.vhn.cl/login.php','login',1515674566),(1431,'14021077-3','186.78.122.98','http://habitarq.vhn.cl/view/dir.php','add dir',1515674584),(1432,'14021077-3','186.78.122.98','http://habitarq.vhn.cl/login.php','login',1515684068),(1433,'17498522-7','186.78.122.98','http://habitarq.vhn.cl/login.php','login',1515684218),(1434,'17498522-7','186.78.122.98','http://habitarq.vhn.cl/login.php','login',1515684218),(1435,'14165260-5','186.9.135.221','http://habitarq.vhn.cl/login.php','login',1515783923),(1436,'14165260-5','168.205.207.144','http://habitarq.vhn.cl/login.php','login',1515871576),(1437,'17498522-7','186.78.161.237','http://habitarq.vhn.cl/login.php','login',1516026704),(1438,'14165260-5','186.9.135.29','http://habitarq.vhn.cl/login.php','login',1516031138),(1439,'11956379-8','186.78.161.237','http://habitarq.vhn.cl/login.php','login',1516031445),(1440,'11956379-8','186.78.227.31','http://habitarq.vhn.cl/login.php','login',1516115089),(1441,'11956379-8','186.78.227.31','http://habitarq.vhn.cl/login.php','login',1516118888),(1442,'11956379-8','186.78.227.31','http://habitarq.vhn.cl/view/comite/comite.php','add',1516119193),(1443,'11956379-8','186.78.227.31','http://habitarq.vhn.cl/view/comite/comite.php','add',1516119264),(1444,'11956379-8','186.78.227.31','http://habitarq.vhn.cl/view/comite/comite.php','add',1516119413),(1445,'11956379-8','186.78.227.31','http://habitarq.vhn.cl/view/comite/comite.php','add',1516119579),(1446,'11956379-8','186.78.227.31','http://habitarq.vhn.cl/view/comite/comite.php','add',1516119643),(1447,'11956379-8','186.78.227.31','http://habitarq.vhn.cl/view/comite/comite.php','add',1516119706),(1448,'11956379-8','186.78.227.31','http://habitarq.vhn.cl/view/comite/comite.php','add',1516119761),(1449,'14165260-5','168.205.207.144','http://habitarq.vhn.cl/login.php','login',1516120032),(1450,'14165260-5','168.205.207.144','http://habitarq.vhn.cl/login.php','login',1516120617),(1451,'11956379-8','186.78.227.31','http://habitarq.vhn.cl/login.php','error',1516126676),(1452,'11956379-8','186.78.227.31','http://habitarq.vhn.cl/login.php','error',1516126692),(1453,'11956379-8','186.78.227.31','http://habitarq.vhn.cl/login.php','login',1516126710),(1454,'11956379-8','186.78.227.31','http://habitarq.vhn.cl/login.php','login',1516127025),(1455,'14165260-5','186.9.135.14','http://habitarq.vhn.cl/login.php','login',1516129202),(1456,'14021077-3','186.78.108.68','http://habitarq.vhn.cl/login.php','login',1516217389),(1457,'14165260-5','168.205.207.144','http://habitarq.vhn.cl/login.php','login',1516247061),(1458,'17498522-7','186.78.139.103','http://habitarq.vhn.cl/login.php','login',1516280451),(1459,'11956379-8','186.78.139.103','http://habitarq.vhn.cl/login.php','error',1516292824),(1460,'11956379-8','186.78.139.103','http://habitarq.vhn.cl/login.php','login',1516292838),(1461,'14165260-5','168.205.207.144','http://habitarq.vhn.cl/login.php','login',1516293617),(1462,'17498522-7','186.78.139.103','http://habitarq.vhn.cl/login.php','login',1516302405),(1463,'14165260-5','186.9.27.200','http://habitarq.vhn.cl/login.php','login',1516334720),(1464,'14165260-5','168.205.207.144','http://habitarq.vhn.cl/login.php','login',1516393917),(1465,'14165260-5','168.205.207.144','http://habitarq.vhn.cl/login.php','login',1516661618),(1466,'14165260-5','168.205.207.144','http://habitarq.vhn.cl/view/comite/comite.php','update',1516662244),(1467,'17498522-7','186.78.14.6','http://habitarq.vhn.cl/login.php','login',1516712360),(1468,'17498522-7','186.78.14.6','http://habitarq.vhn.cl/login.php','login',1516720867),(1469,'14165260-5','186.9.3.195','http://habitarq.vhn.cl/login.php','login',1516732152),(1470,'14165260-5','186.9.3.195','http://habitarq.vhn.cl/login.php','login',1516732343),(1471,'17498522-7','186.78.14.6','http://habitarq.vhn.cl/login.php','login',1516736370),(1472,'14165260-5','168.205.206.15','http://habitarq.vhn.cl/login.php','login',1516895127),(1473,'14165260-5','168.205.206.15','http://habitarq.vhn.cl/login.php','login',1516915713),(1474,'14165260-5','168.205.206.15','http://habitarq.vhn.cl/login.php','login',1516924801);
/*!40000 ALTER TABLE `log` ENABLE KEYS */;
UNLOCK TABLES;

--
-- Table structure for table `motivo_eliminacion`
--

DROP TABLE IF EXISTS `motivo_eliminacion`;
/*!40101 SET @saved_cs_client     = @@character_set_client */;
/*!40101 SET character_set_client = utf8 */;
CREATE TABLE `motivo_eliminacion` (
  `idmotivo_eliminacion` int(11) NOT NULL,
  `motivo` varchar(40) DEFAULT NULL,
  PRIMARY KEY (`idmotivo_eliminacion`)
) ENGINE=MyISAM DEFAULT CHARSET=utf8 PACK_KEYS=0;
/*!40101 SET character_set_client = @saved_cs_client */;

--
-- Dumping data for table `motivo_eliminacion`
--

LOCK TABLES `motivo_eliminacion` WRITE;
/*!40000 ALTER TABLE `motivo_eliminacion` DISABLE KEYS */;
INSERT INTO `motivo_eliminacion` VALUES (1,'Retiro del Dinero'),(2,'Fallecimiento'),(3,'Error de ingreso');
/*!40000 ALTER TABLE `motivo_eliminacion` ENABLE KEYS */;
UNLOCK TABLES;

--
-- Table structure for table `mts`
--

DROP TABLE IF EXISTS `mts`;
/*!40101 SET @saved_cs_client     = @@character_set_client */;
/*!40101 SET character_set_client = utf8 */;
CREATE TABLE `mts` (
  `idmts` int(11) NOT NULL AUTO_INCREMENT,
  `rol` varchar(20) DEFAULT NULL,
  `idpiso` int(11) DEFAULT NULL,
  `metros` decimal(11,2) DEFAULT '0.00',
  `idestado_vivienda` int(11) DEFAULT NULL,
  PRIMARY KEY (`idmts`),
  KEY `idpiso` (`idpiso`),
  KEY `rol` (`rol`),
  KEY `idestado_vivienda` (`idestado_vivienda`)
) ENGINE=MyISAM AUTO_INCREMENT=538 DEFAULT CHARSET=utf8 PACK_KEYS=0;
/*!40101 SET character_set_client = @saved_cs_client */;

--
-- Dumping data for table `mts`
--

LOCK TABLES `mts` WRITE;
/*!40000 ALTER TABLE `mts` DISABLE KEYS */;
INSERT INTO `mts` VALUES (1,'92-8',1,45.04,1),(2,'92-8',2,0.00,1),(5,'164-7',1,30.17,1),(6,'164-7',2,0.00,1),(9,'164-15',1,51.38,1),(10,'164-15',2,0.00,1),(13,'90-13',1,55.63,1),(14,'90-13',2,0.00,1),(17,'47-7',1,49.20,1),(18,'47-7',2,0.00,1),(21,'177-2',1,54.02,1),(22,'177-2',2,0.00,1),(25,'84-15',1,40.14,1),(26,'84-15',2,0.00,1),(29,'900-5',1,18.56,1),(30,'900-5',2,56.90,1),(31,'900-5',1,20.50,2),(32,'900-5',2,59.90,2),(33,'157-2',1,28.41,1),(34,'157-2',2,0.00,1),(36,'157-2',2,28.41,2),(37,'121-5',1,42.14,1),(38,'121-5',2,0.00,1),(41,'167-22',1,30.17,1),(42,'167-22',2,0.00,1),(45,'170-4',1,30.17,1),(46,'170-4',2,0.00,1),(48,'170-4',2,30.17,2),(49,'115-14',1,30.00,1),(50,'115-14',2,0.00,1),(52,'115-14',2,30.00,2),(53,'164-10',1,30.17,1),(54,'164-10',2,0.00,1),(56,'164-10',2,30.17,2),(57,'81-4',1,63.00,1),(58,'81-4',2,0.00,1),(61,'116-33',1,30.00,1),(62,'116-33',2,0.00,1),(64,'116-33',2,30.00,2),(65,'162-9',1,30.17,1),(66,'162-9',2,0.00,1),(68,'162-9',2,30.17,2),(69,'162-12',1,30.17,1),(70,'162-12',2,0.00,1),(72,'162-12',2,30.17,2),(73,'162-27',1,30.17,1),(74,'162-27',2,0.00,1),(77,'156-21',1,28.41,1),(78,'156-21',2,0.00,1),(80,'156-21',2,28.41,2),(81,'119-9',1,30.00,1),(82,'119-9',2,0.00,1),(84,'119-9',2,30.00,2),(85,'165-5',1,30.17,1),(86,'165-5',2,0.00,1),(88,'165-5',2,30.17,2),(89,'148-32',1,28.41,1),(90,'148-32',2,0.00,1),(92,'148-32',2,28.41,2),(93,'117-5',1,30.00,1),(94,'117-5',2,0.00,1),(96,'117-5',2,30.00,2),(97,'145-11',1,36.00,1),(98,'145-11',2,0.00,1),(99,'145-11',1,14.27,2),(101,'118-19',1,30.00,1),(102,'118-19',2,0.00,1),(104,'118-19',2,30.00,2),(105,'166-20',1,30.17,1),(106,'166-20',2,0.00,1),(108,'166-20',2,30.17,2),(109,'161-27',1,30.17,1),(110,'161-27',2,0.00,1),(112,'161-27',2,30.17,2),(113,'117-3',1,30.00,1),(114,'117-3',2,0.00,1),(116,'117-3',2,30.00,2),(117,'118-12',1,30.00,1),(118,'118-12',2,0.00,1),(120,'118-12',2,30.00,2),(121,'149-10',1,28.41,1),(122,'149-10',2,0.00,1),(124,'149-10',2,28.41,2),(125,'148-36',1,28.41,1),(126,'148-36',2,0.00,1),(128,'148-36',2,28.41,2),(129,'161-28',1,30.17,1),(130,'161-28',2,0.00,1),(132,'161-28',2,30.17,2),(133,'73-10',1,48.11,1),(134,'73-10',2,0.00,1),(137,'169-1',1,30.17,1),(138,'169-1',2,0.00,1),(140,'169-1',2,30.17,2),(141,'169-5',1,46.17,1),(142,'169-5',2,0.00,1),(145,'310-8',1,40.74,1),(146,'310-8',2,0.00,1),(149,'327-17',1,43.41,1),(150,'327-17',2,0.00,1),(153,'319-4',1,40.74,1),(154,'319-4',2,0.00,1),(157,'156-15',1,53.01,1),(158,'156-15',2,0.00,1),(161,'104-1',1,41.38,1),(162,'104-1',2,0.00,1),(165,'315-13',1,40.74,1),(166,'315-13',2,0.00,1),(169,'305-22',1,40.74,1),(170,'305-22',2,0.00,1),(173,'97-14',1,38.00,1),(174,'97-14',2,0.00,1),(177,'312-1',1,40.74,1),(178,'312-1',2,0.00,1),(181,'312-20',1,40.72,1),(182,'312-20',2,0.00,1),(185,'304-24',1,40.74,1),(186,'304-24',2,0.00,1),(189,'304-4',1,40.74,1),(190,'304-4',2,0.00,1),(193,'323-9',1,40.72,1),(194,'323-9',2,0.00,1),(197,'304-12',1,40.74,1),(198,'304-12',2,0.00,1),(201,'326-10',1,43.41,1),(202,'326-10',2,0.00,1),(205,'322-9',1,43.41,1),(206,'322-9',2,0.00,1),(209,'310-3',1,40.74,1),(210,'310-3',2,0.00,1),(213,'107-3',1,40.00,1),(214,'107-3',2,11.00,1),(217,'210-147',1,87.38,1),(218,'210-147',2,0.00,1),(221,'304-11',1,40.74,1),(222,'304-11',2,0.00,1),(225,'339-11',1,43.41,1),(226,'339-11',2,0.00,1),(229,'339-1',1,43.41,1),(230,'339-1',2,0.00,1),(233,'306-12',1,40.74,1),(234,'306-12',2,0.00,1),(237,'306-24',1,40.74,1),(238,'306-24',2,0.00,1),(241,'308-4',1,40.74,1),(242,'308-4',2,0.00,1),(245,'308-12',1,40.74,1),(246,'308-12',2,0.00,1),(249,'312-5',1,40.74,1),(250,'312-5',2,0.00,1),(253,'314-9',1,40.74,1),(254,'314-9',2,0.00,1),(257,'323-3',1,40.74,1),(258,'323-3',2,0.00,1),(261,'326-2',1,43.41,1),(262,'326-2',2,0.00,1),(265,'311-7',1,40.74,1),(266,'311-7',2,0.00,1),(269,'308-8',1,40.74,1),(270,'308-8',2,0.00,1),(273,'346-8',1,43.41,1),(274,'346-8',2,0.00,1),(277,'322-15',1,43.41,1),(278,'322-15',2,0.00,1),(281,'9-7',1,59.38,1),(282,'9-7',2,0.00,1),(285,'316-10',1,58.04,1),(286,'316-10',2,0.00,1),(289,'348-7',1,43.41,1),(290,'348-7',2,0.00,1),(293,'214-51',1,51.06,1),(294,'214-51',2,0.00,1),(297,'303-20',1,40.74,1),(298,'303-20',2,0.00,1),(301,'309-14',1,40.74,1),(302,'309-14',2,0.00,1),(305,'310-4',1,40.74,1),(306,'310-4',2,0.00,1),(309,'303-6',1,40.74,1),(310,'303-6',2,0.00,1),(313,'310-20',1,40.74,1),(314,'310-20',2,0.00,1),(317,'309-5',1,40.74,1),(318,'309-5',2,0.00,1),(321,'315-2',1,40.74,1),(322,'315-2',2,0.00,1),(325,'41-10',1,35.57,1),(326,'41-10',2,0.00,1),(329,'319-12',1,40.74,1),(330,'319-12',2,0.00,1),(333,'339-12',1,43.41,1),(334,'339-12',2,0.00,1),(337,'314-19',1,40.74,1),(338,'314-19',2,0.00,1),(340,'314-19',2,16.56,2),(341,'315-16',1,40.74,1),(342,'315-16',2,0.00,1),(345,'165-18',1,45.52,1),(346,'165-18',2,0.00,1),(349,'161-5',1,43.97,1),(350,'161-5',2,0.00,1),(353,'164-16',1,30.17,1),(354,'164-16',2,0.00,1),(357,'93-11',1,45.04,1),(358,'93-11',2,0.00,1),(361,'119-8',1,30.00,1),(362,'119-8',2,0.00,1),(365,'166-19',1,30.17,1),(366,'166-19',2,0.00,1),(369,'177-19',1,57.43,1),(370,'177-19',2,0.00,1),(373,'118-14',1,43.35,1),(374,'118-14',2,0.00,1),(377,'116-8',1,30.00,1),(378,'116-8',2,0.00,1),(381,'173-8',1,53.00,1),(382,'173-8',2,0.00,1),(385,'149-9',1,28.41,1),(386,'149-9',2,0.00,1),(389,'178-24',1,54.00,1),(390,'178-24',2,0.00,1),(393,'162-14',1,43.50,1),(394,'162-14',2,0.00,1),(397,'63-13',1,50.90,1),(398,'63-13',2,0.00,1),(401,'167-20',1,53.91,1),(402,'167-20',2,0.00,1),(405,'305-17',1,40.71,1),(406,'305-17',2,0.00,1),(409,'334-16',1,59.79,1),(410,'334-16',2,0.00,1),(413,'214-11',1,58.13,1),(414,'214-11',2,0.00,1),(417,'320-14',1,40.74,1),(418,'320-14',2,0.00,1),(421,'306-20',1,40.74,1),(422,'306-20',2,0.00,1),(425,'308-5',1,40.74,1),(426,'308-5',2,0.00,1),(429,'304-7',1,40.74,1),(430,'304-7',2,0.00,1),(433,'304-9',1,40.74,1),(434,'304-9',2,0.00,1),(436,'304-9',2,16.56,2),(437,'327-16',1,43.41,1),(438,'327-16',2,0.00,1),(440,'327-16',2,16.56,2),(441,'308-7',1,40.74,1),(442,'308-7',2,0.00,1),(445,'305-2',1,40.74,1),(446,'305-2',2,0.00,1),(449,'340-3',1,43.41,1),(450,'340-3',2,0.00,1),(453,'310-14',1,40.74,1),(454,'310-14',2,0.00,1),(457,'316-2',1,40.74,1),(458,'316-2',2,0.00,1),(461,'270-5',1,40.74,1),(462,'270-5',2,0.00,1),(465,'312-19',1,40.74,1),(466,'312-19',2,0.00,1),(469,'322-5',1,40.74,1),(470,'322-5',2,0.00,1),(473,'313-16',1,40.74,1),(474,'313-16',2,0.00,1),(477,'305-5',1,40.74,1),(478,'305-5',2,0.00,1),(481,'314-10',1,40.74,1),(482,'314-10',2,0.00,1),(485,'312-14',1,40.74,1),(486,'312-14',2,0.00,1),(489,'346-14',1,43.41,1),(490,'346-14',2,0.00,1),(493,'310-12',1,40.74,1),(494,'310-12',2,0.00,1),(497,'303-5',1,40.74,1),(498,'303-5',2,0.00,1),(501,'312-13',1,40.74,1),(502,'312-13',2,0.00,1),(505,'304-5',1,40.72,1),(506,'304-5',2,0.00,1),(509,'310-24',1,43.41,1),(510,'310-24',2,0.00,1),(513,'339-2',1,43.41,1),(514,'339-2',2,0.00,1),(517,'312-16',1,40.74,1),(518,'312-16',2,0.00,1),(521,'310-22',1,40.74,1),(522,'310-22',2,0.00,1),(525,'340-4',1,43.41,1),(526,'340-4',2,0.00,1),(529,'315-9',1,40.74,1),(530,'315-9',2,0.00,1),(533,'305-6',1,40.74,1),(534,'305-6',2,0.00,1),(537,'316-10',2,15.00,2);
/*!40000 ALTER TABLE `mts` ENABLE KEYS */;
UNLOCK TABLES;

--
-- Table structure for table `perfil`
--

DROP TABLE IF EXISTS `perfil`;
/*!40101 SET @saved_cs_client     = @@character_set_client */;
/*!40101 SET character_set_client = utf8 */;
CREATE TABLE `perfil` (
  `idperfil` int(11) NOT NULL AUTO_INCREMENT,
  `perfil` varchar(20) DEFAULT NULL,
  PRIMARY KEY (`idperfil`)
) ENGINE=MyISAM AUTO_INCREMENT=3 DEFAULT CHARSET=utf8 PACK_KEYS=0;
/*!40101 SET character_set_client = @saved_cs_client */;

--
-- Dumping data for table `perfil`
--

LOCK TABLES `perfil` WRITE;
/*!40000 ALTER TABLE `perfil` DISABLE KEYS */;
INSERT INTO `perfil` VALUES (1,'admin'),(2,'digitador');
/*!40000 ALTER TABLE `perfil` ENABLE KEYS */;
UNLOCK TABLES;

--
-- Table structure for table `persona`
--

DROP TABLE IF EXISTS `persona`;
/*!40101 SET @saved_cs_client     = @@character_set_client */;
/*!40101 SET character_set_client = utf8 */;
CREATE TABLE `persona` (
  `rut` varchar(8) NOT NULL,
  `dv` varchar(1) DEFAULT NULL,
  `nombres` varchar(50) DEFAULT NULL,
  `paterno` varchar(50) DEFAULT NULL,
  `materno` varchar(50) DEFAULT NULL,
  `sexo` varchar(1) DEFAULT 'M',
  `correo` varchar(50) DEFAULT NULL,
  `estado` tinyint(1) DEFAULT '1',
  PRIMARY KEY (`rut`)
) ENGINE=MyISAM DEFAULT CHARSET=utf8 PACK_KEYS=0;
/*!40101 SET character_set_client = @saved_cs_client */;

--
-- Dumping data for table `persona`
--

LOCK TABLES `persona` WRITE;
/*!40000 ALTER TABLE `persona` DISABLE KEYS */;
INSERT INTO `persona` VALUES ('3497769','0','ABRAHAM SEGUNDO','ACEVEDO','CANCINO','M','entidadpatrocinantehabitarq@gmail.com',1),('4427339','K','NUBIA DEL CARMEN','SOTO','SEPULVEDA','M','ENTIDADPATROCINANTEHABITARQ@GMAIL.COM',1),('11956379','8','VIVIANA ISABEL','RECABAL','CASTRO','M','VRECABALCASTRO@GMAIL.COM',1),('14021077','3','MANUEL ALEJANDRO','RECABAL','CASTRO','M','m.recabal.arq@gmail.com',1),('14165260','5','Hermann Ignacio','Pollack','Vega','M','hermann.pollack@gmail.com',1),('5569365','K','ELENA DEL CARMEN','CAMIROAGA','BARRIOS','M','entidadpatrocinantehabitarq@gmail.com',1),('5720512','1','EULARIA DE LAS ROSAS','MONTECINO','TORRES','M','ENTIDADPATROCINANTEHABITARQ@GMAIL.COM',1),('5868879','7','CESAR ALQUIMEDES ','SOTO','CASTRO','M','ENTIDADPATROCINANTEHABITARQ@GMAIL.COM',1),('6770835','0','LUIS ARMANDO ','ARRIAGADA ','AYALA','M','ENTIDADPATROCINANTEHABITARQ@GMAIL.COM',1),('7324184','7','GLADYS MARTA','ELGUETA','URRUTIA','M','ENTIDADPATROCINANTEHABITARQ@GMAIL.COM',1),('8335124','1','MANUEL GERARDO ','PEREZ','GATICA','M','ENTIDADPATROCINANTEHABITARQ@GMAIL.COM',1),('10232251','7','JUDITH DE LAS NIEVES','VALENZUELA ','GONZALEZ','M','entidadpatrocinantehabitarq@gmail.com',1),('10685199','9','GLORIA DEL CARMEN ','FERRRADA','LERI','M','entidadpatrocinantehabitarq@gmail.com',1),('11199931','7','ALEJANDRA ISABEL','PAREJA','PRIETO','M','entidadpatrocinantehabitarq@gmail.com',1),('11231977','8','FLAVIA DE LAS NIEVES ','CAMILO','SILVA','M','entidadpatrocinantehabitarq@gmail.com',1),('12056201','0','CECILIA JEANETTE','MUÑOZ','ALBORNOZ','M','entidadpatrocinantehabitarq@gmail.com',1),('12371954','9','MARIA CONCEPCION','CANDIA ','VALLADARES','M','entidadpatrocinantehabitarq@gmail.com',1),('12373202','2','TERESA DE LAS MERCEDES','CHAVARRIA','AGUIRRE','M','entidadpatrocinantehabitarq@gmail.com',1),('9769172','K','CHRISTIAN MARCELO ','CAMIROAGA ','ARAYA ','M','entidadpatrocinantehabitarq@gmail.com',1),('11766726','K','JACQUELINE DE LAS MERCEDES','BARROS ','CAMPOS','M','entidadpatrocinantehabitarq@gmail.com',1),('12374904','9','MARIA ANGELICA ','MOYA',' GONZALEZ','M','entidadpatrocinantehabitarq@gmail.com',1),('12607089','6','ANGELICA LORENA','LOPEZ ','HORMAZABAL','M','entidadpatrocinantehabitarq@gmail.com',1),('12788642','3','KARINA AIDA DEL CARMEN','CAMMAS','LEIVA','M','entidadpatrocinantehabitarq@gmail.com',1),('12927537','5','AIDA MARISOL','GONZALEZ','MARTINEZ','M','entidadpatrocinantehabitarq@gmail.com',1),('13291399','4','LORENA ELIZABETH','BRAVO','CASTRO','M','entidadpatrocinantehabitarq@gmail.com ',1),('13787766','K','RAFAEL ARTURO','ESPINOSA','LOPEZ','M','',1),('14235744','5','MARIA ANGELICA ','LOPEZ','VERGARA','M','entidadpatrocinantehabitarq@gmail.com',1),('15150755','7','JHOANA CATERIN','ULLOA','GONZALEZ','M','entidadpatrocinantehabitarq@gmail.com',1),('15150728','K','PRISCILA ANDREA ','CASTRO','SANCHEZ','M','entidadpatrocinantehabitarq@gmail.com',1),('17147026','9','FRANCISCA ANDREA ','BRUNA','LOPEZ','M','entidadpatrocinantehabitarq@gmail.com',1),('17170503','7','ADRIANA ALEJANDRA','YEVENES','CISTERNA','M','entidadpatrocinantehabitarq@gmail.com',1),('18360333','7','YOSELIN NATALI','FIGUEROA ','BUENO ','M','entidadpatrocinantehabitarq@gmail.com',1),('5254743','1','SERJIO ANTONIO','ZAPATA','PAVEZ','M','ENTIDADPATROCINANTEHABITARQ@GMAIL.COM',1),('6968787','3','ROSALIA DEL CARMEN','CISTERNAS','HERNANDEZ','M','ENTIDADPATROCINANTEHABITARQ@GMAIL.COM',1),('7325713','1','GLORIA BERTINA','CORNEJO','CACERES','M','ENTIDADPATROCINANTEHABITARQ@GMAIL.COM',1),('7326930','K','JOSEFINA ROSA','CIFUENTES','MORA','M','ENTIDADPATROCINANTEHABITARQ@GMAIL.COM',1),('7454262','K','PATRICIA EUGENIA','CASTILLO','PENA','M','ENTIDADPATROCINANTEHABITARQ@GMAIL.COM',1),('7632930','3','HECTOR FERNANDO','COFRE','DELCAMPO','M','ENTIDADPATROCINANTEHABITARQ@GMAIL.COM',1),('8169306','4','PATRICIA DEL CARMEN','IBANEZ','GUTIERREZ','M','ENTIDADPATROCINANTEHABITARQ@GMAIL.COM',1),('9681700','2','ELIANA DEL TRANSITO','BELLO','ARELLANO','M','ENTIDADPATROCINANTEHABITARQ@GMAIL.COM',1),('10282533','0','LIDIA DE LAS MERCEDES','JANA','NARANJO','M','ENTIDADPATROCINANTEHABITARQ@GMAIL.COM',1),('10994726','1','ELIANA ROSA','MALDONADO','SILVA','M','ENTIDADPATROCINANTEHABITARQ@GMAIL.COM',1),('11072305','9','JUDITH LETICIA','BUENO','ANDRADES','M','ENTIDADPATROCINANTEHABITARQ@GMAIL.COM',1),('11286176','9','MIRIAM DEL CARMEN','QUINTREL','VERGARA','M','ENTIDADPATROCINANTEHABITARQ@GMAIL.COM',1),('11286239','0','MARIA DEL PILAR','MAUREIRA','GARCIA','M','ENTIDADPATROCINANTEHABITARQ@GMAIL.COM',1),('11531411','4','JAIME ANTONIO','BRUNA','GONZALEZ','M','ENTIDADPATROCINANTEHABITARQ@GMAIL.COM',1),('11562139','4','MARIA PETRONILA','CIFUENTES','CIFUENTES','M','ENTIDADPATROCINANTEHABITARQ@GMAIL.COM',1),('11766869','K','ANA LUISA ','SANCHEZ','BASCUNAN','M','ENTIDADPATROCINANTEHABITARQ@GMAIL.COM',1),('11766914','9','JOSE WILLIAMS ','SALGADO','CACERES','M','ENTIDADPATROCINANTEHABITARQ@GMAIL.COM',1),('11955523','K','IRIS VERONICA','QUIROZ','VILLAR','M','..@GMAIL.COM',1),('12371817','8','EDITA ERNA','MEDEL','CARRASCO','M','....@GMAIL.COM',1),('12788618','0','CLAUDIA ALEJANDRA','MOYA','MOYA','M','....@GMAIL.COM',1),('13205808','3','CLAUDIA ANDREA','PENALOZA','PARRA','M','....@GMAIL.COM',1),('13355596','K','CAROLINA DEL TRANSITO ','YANEZ','LEAL','M','..@GMAIL.COM',1),('13788169','1','REGINA DE LAS NIEVES','LARENAS','FIGUEROA','M','...@GMAIL.COM',1),('13788242','6','GABRIELA DEL CARMEN','GONZALEZ','APARICIO','M','..@GMAIL.COM',1),('13788890','4','GEORGINA ANDREA','ESPINOZA','GONZALEZ','M','..@GMAIL.COM',1),('15133736','8','KARINA ALEJANDRA','ARMIJO','ECHEVERRIA','M','..@GMAIL.COM',1),('15150745','K','TERESA DEL CARMEN','DUARTE','MORALES','M','..@GMAIL.COM',1),('4620985','0','WENCESLAO DEL CARMEN','BARRUETO','PALACIOS','M','...@GMAIL.COM',1),('4859722','K','MARIA LIDIA','ARANDA','MARTINEZ','M','...@GMAIL.COM',1),('8569549','5','MARIO ALBERTO','TAMAYO','AREVALO','M','...@GMAIL.COM',1),('9263299','7','MONICA DEL CARMEN','ORMAZABAL','PEREIRA','M','...@GMAIL.COM',1),('9564869','K','FLOR DEL CARMEN ','MOYA','CACERES','M','...@GMAIL.COM',1),('9918731','K','MARIA ANGELINA','ILUFI','GUTIERREZ','M','...@GMAIL.COM',1),('10670394','9','CLAUS ANTONIO','TRONCOSO','BELLO','M','...@GMAIL.COM',1),('10947598','K','CARMEN GLORIA','AVILA','GONZALEZ','M','...@GMAIL.COM',1),('12374039','4','CLAUDIO EDESIO','PEREIRA','JAQUE','M','...@GMAIL.COM',1),('12591442','K','CRISTIAN BERNARDO','PEREIRA','JAQUE','M','...@GMAIL.COM',1),('12728180','7','MELANIA DEL CARMEN','VALLADARES','VALLADARES','M','entidadpatrocinadorahabitarq@gmail.com',1),('12788508','7','LORENA ANDREA','AGUILERA','VALDES','M','entidadpatrocinadorahabitarq@gmail.com',1),('12788745','4','MARICELA ALEJANDRA','ROJAS','ECHEVERRIA','M','...@GMAIL.COM',1),('13205792','3','ISABEL ALEJANDRA','MURGA','BRAVO','M','...@GMAIL.COM',1),('13788300','7','MAURICIO ANTONIO','CARRASCO','CARRASCO','M','...@GMAIL.COM',1),('14021145','1','ANA MARIA','TRIONCOSO','LAGOS','M','...@GMAIL.COM',1),('14341821','9','NANCY ALEJANDRA','MUNOZ','JARA','M','...@GMAIL.COM',1),('14902356','9','VIVIANA ANDREA ','REBECO ','AVILA','M','entidadpatrocinantehabitarq@gmail.com',1),('18920969','K','Camila Andrea','Rojas','Castro','F','example@example.com',1),('10229629','K','SANDRA DEL CARMEN','GONZALEZ','ORTEGA','M','...@GMAIL.COM',1),('11956402','6','PEDRO ENRIQUE','CASTILLO','VERDUGO','M','example@example.com',1),('15135646','K','TABITA KATHERINE','ORELLANA','MARCHANT','M','...@GMAIL.COM',1),('15149750','0','ROXANA CARMEN','COFRE','MOYA','M','...@GMAIL.COM',1),('15150270','9','DANIELA ANDREA','ORELLANA ','CACERES','M','...@GMAIL.COM',1),('16294042','2','PRISSILLA ANDREA','SALAZAR ','PACHECO','M','...@GMAIL.COM',1),('16531299','6','CARLA DANIELA','MUÑOZ','CANTO','M',',,,@GMAIL.COM',1),('16538396','6','YOCELYN ANDREA','SALGADO ','PENA','M','...@GMAIL.COM',1),('16541973','1','PILAR ANGELICA','RAMOS','NUNEZ','M','...@GMAIL.COM',1),('16541974','K','PERLA FRANCISCA','RAMOS','NUNEZ','M','...@GMAIL.COM',1),('15568896','3','CLAUDIO ANTONIO','MENDEZ','LEIVA','M','example@example.com',1),('16793219','3','ANGELICA DEL ROSARIO','CARO','PARRA','M','...@GMAIL.COM',1),('17498565','0','DANIELA CRISTINA','CASTRO ','ESCOBAR','M','...@GMAIL.COM',1),('16006128','6','RODRIGO ALEJANDRO','GONZALEZ','CARRIEL','M','example@example.com',1),('17886428','9','SOLEDAD STEFFANY','MONGES','MONGES','M','...@GMAIL.COM',1),('18707841','5','CARMEN GLORIA','GONZALEZ','TOLEDO','M','...@GMIL.COM',1),('8499307','7','ELADIA DE LOURDES','TRONCOSO','CASTRO','M','...@GMAIL.COM',1),('5282606','3','ERNESTINA','LETELIER','ORTIZ','F','example@example.com',1),('4204495','4','MANUEL OCTAVIO DEL C.','BREUILLOT','MONTECINO','M','example@example.com',1),('5854003','K','UVALDINA DE LAS ROSAS','FUENTES','GONZALEZ','F','example@example.com',1),('5591689','6','LUIS HUMBERTO','MANRIQUEZ','GONZALEZ','M','example@example.com',1),('6549888','K','ROLANDO','CANARIO','ARIAS','M','example@example.com',1),('6039534','9','NANCI ALICIA','CORNEJO','MONTECINO','F','example@example.com',1),('13355464','5','PAULA CECILIA','RODRIGUEZ ','MOYA','F','example@example.com',1),('8024866','0','ISABEL DEL CARMEN','DOLL','PAIVA','F','example@example.com',1),('11688118','7','RICARDO','FUENTES ','GUZMAN','M','example@example.com',1),('3081632','3','DOMINGO ANTONIO','SALAS','GONZALEZ','M','example@example.com',1),('5003999','4','GLADIS DEL CARMEN','ESPINOZA ','ESPINOZA','M','...@GMAIL.COM',1),('4634674','2','LUIS','AREVALO','SALAS','M','example@example.com',1),('6263377','8','CARMEN GLORIA','SALGADO','VASQUEZ','M','...@GMAIL.COM',1),('6467141','3','DOMINGO CLAUDIO','DIAZ','CURRIEL','M','...@GMAIL.COM',1),('7702909','5','EUGENIA CONCEPCION','DIAZ','ALIAGA','F','example@example.com',1),('6574708','1','JOSE ENRIQUE','TAPIA','BRAVO','M','...@GMAIL.COM',1),('6022674','1','AMALIA','MENDEZ','URETA','F','example@example.com',1),('6620999','7','PABLINO ALBERTO','MANOSALVA ','INFANTE','M','...@GMAIL.COM',1),('6720603','7','MAGDALENA DE LAS M','CACERES','MORENO','M','...@GMAIL.COM',1),('6603173','K','JORGE URBANO','ESPINOZA ','SALGADO','M','example@example.com',1),('6936692','9','ROSARIO DE LA CONCEPCION','URRUTIA','GONZALEZ','M','...@GMAIL.COM',1),('7406156','7','AUDOLIA DEL CARMEN','MEZA','RAMIREZ','M','...@GMAIL.COM',1),('8257017','9','RAQUEL DEL CARMEN','GARRIDO','MONTECINO','M','...@GMAIL.COM',1),('7239362','7','SERGIO','TAPIA','PAIVA','M','example@example.com',1),('9300074','9','JOSE VITELINO','MUÑOZ','ALBORNOZ','M','...@GMAIL.COM',1),('10545441','4','ALEJANDRO ENRIQUE','AMIGO','GONZALEZ','M','...@GMAIL.COM',1),('12544770','8','MARISELA ALEJANDRA','BRIONES','NUÑEZ','F','example@example.com',1),('10915740','6','RAMON DEL TRANSITO','HENRIQUEZ','ALBORNOZ','M','...@GMAIL.COM',1),('11199842','6','ANA MARIA','ARROYO','RAMIREZ','M','...@GMAIL.COM',1),('10187164','9','LUIS SEGUNDO','VILLAR','ALBORNOZ','M','example@example.com',1),('11199965','1','CARMEN GLORIA ','PARRA','ROJAS','M','...@GMAIL.COM',1),('11531590','0','JUAN','ESPINOZA','SALGADO','M','example@example.com',1),('11531333','9','ERNESTO ANTONIO','TAPIA ','HENRIQUEZ','M','...@GMAIL.COM',1),('12372288','4','ANASELI','GOMEZ','GOMEZ','F','example@example.com',1),('9487047','K','AIDA','GARRIDO ','LOPEZ','F','example@example.com',1),('8274492','4','GUILLERMO','RECABAL','VERDUGO','M','example@example.com',1),('11766974','2','JUAN CARLOS ','RODRIGUEZ','GUTIERREZ','M','example@example.com',1),('11956023','3','JOSE HIPOLITO','SEPULVEDA ','BAEZA','M','example@example.com',1),('10676823','4','BERNARDINO','GAVILAN','GUAJARDO','M','example@example.com',1),('14508218','8','EMILIO ALBERTO','RAMIREZ','YEVENEZ','F','example@example.com',1),('13466350','2','CAROLINA ALEJANDRA','VERA','CAMROAGA','M','...@GMAIL.COM',1),('16598846','9','VIVIANA ANDREA','SILVA','URRA','F','example@example.com',1),('14021153','2','EVELYN VALERIA','ESPINOZA','VALENZUELA','M','...@GMAIL.COM',1),('16273326','5','MARIO ALEJANDRO','YEVENES','MENDEZ','M','example@example.com',1),('12101415','7','VICTORIA DEL PILAR',' DIAZ ','ALIAGA','M','...@GMAIL.COM',1),('9299813','4','RAMON LUIS','AVILA','REINANTE','M','example@example.com',1),('12372141','1','MARGARITA DE LAS MERCEDES','CANALES','SAN MARTIN','M','...@GMAIL.COM',1),('12586889','4','HELIA ANTONIETA','RUIZ','HIDALGO','M','...@GMAIL.COM',1),('13355345','2','MARCELA DEL CARMEN','PACHECO','BRAVO','M','...@GMAIL.COM',1),('13576138','9','SOLEDAD DEL CARMEN','AVILA ','CANCINO','M','...@GMAIL.COM',1),('13788054','7','FRANCISCA CRISTINA','TOLEDO','BRAVO','M','...@GMAIL.COM',1),('13788251','5','CAROLINA ANDREA ','SEGURA','SEGURA','M','...@GMAIL.COM',1),('14021067','6','ALEJANDRA DEL ROSARIO','VILLAR','GALVEZ','M','...@GMAIL',1),('14021325','K','PEDRO ANTONIO','SALAZAR','JARA','M','...@GMAIL.COM',1),('14354968','2','TERESA DEL CARMEN ','REVECO ','GONZALEZ','M','...@GMAIL.COM',1),('14270757','8','REINALDO ','PEREIRA','HERNANDEZ','M','example@example.com',1),('14565368','1','ANA MERCEDES','FLORES','CASTRO','M','...@GMAIL.COM',1),('12788581','8','MANUEL','PALMA','YAÑEZ','M','example@example.com',1),('15150255','5','AMANDA VICTORIA','ASTUDILLO','TOLEDO','M','...@GMAIL.COM',1),('12372306','6','VICTOR','PACHECO','BRAVO','M','example@example.com',1),('15570928','6','EVELYN DEL PILAR','FUENTES','SEPULVEDA','M','...@G',1),('13576268','7','ABRHAM ANTONIO','CAAMAÑO','VILLANUEVA','M','example@example.com',1),('15923176','3','CAREN ALEJANDRA','CASTRO ','JIMENEZ','M','...@GMAIL.COM',1),('15755400','K','LUIS ALFREDO','BAHAMONDEZ','SALGADO','F','example@example.com',1),('16005947','8','EVELYN SOLANGE','TRONCOSO','TRONCOSO','M','...@GMAIL.COM',1),('16006103','0','JOHANNA DEL PILAR','SALGADO ','PENA','M','...@GMAIL.COM',1),('16294284','0','CORINA ALESANDRA','AMIGO','BUSTAMANTE','M','...@GMAIL.COM',1),('12503923','5','JOSE MANUEL ','GONZALEZ','TAPIA','M','example@example.com',1),('16294306','5','SANDRA ISABEL','VALLADARES','AMIGO','M','...@GMAIL.COM',1),('16537644','7','MARCELA RUTH ','TOLEDO','MOYA','M','...@GMAIL.COM',1),('16541718','6','JOCELIN ALEJANDRA','GAETE','SALGADO','M','...@GMAIL.COM',1),('13101859','2','LUIS','CORTES','MORENO','M','example@example.com',1),('16541740','2','DOMENICA ROSSANA','SANDOVAL','MUNOZ','M','...@GMAIL.COM',1),('16542230','9','VALESKA ANDREA','CAMPOS','CARRASCO','M','...@GMAIL.COM',1),('15149547','8','NELSON ANDRES','NUÑEZ','CIFUENTES','F','example@example.com',1),('16793633','4','CAROLINA ANDREA','TOLEDO','MANRIQUEZ','M','...@GMAIL.COM',1),('16837635','9','BARBARA VICTORIA','PENAILILLO','VIELMA','M','...@GMAIL.COM',1),('16293908','4','ROBERTO','NORAMBUENA','GONZALEZ','M','example@example.com',1),('17147041','2','KATHERINE ALEXANDRA','SALAZAR','TOLEDO','M','...@GMAIL.COM',1),('17147260','1','MIRTA DE LAS ROSAS','CARRASCO','MORALES','M','...@GMAIL.COM',1),('17160838','4','MAYRA ANDREA ','ORELLANA ','RAMIREZ ','M','...@GMAIL.COM',1),('17498021','7','CRISTINA LORENA ','QUIERO ','ESPINOSA','M','...@GMAIL.COM',1),('17147434','5','CRISTIAN ','VALENZUELA ','SALAS','F','example@example.com',1),('17522046','1','ROSA ELENA ','PEÑALOZA ','SALGADO','M','...@GMAIL.COM',1),('16882580','3','GABRIEL ISAAC','PERALTA ','ORELLANA ','M','example@example.com',1),('18112476','8','NICOL ERNESTINA ','TAPIA ','VILLALOBOS ','M','...@GMAIL.COM',1),('18359731','0','CRISTINA ALEJANDRA ','ZABALAGA ','REBOLLEDO','M','...@GMAIL.COM',1),('15567913','1','HANS MANUEL ','VIELMA ','ALVAREZ','M','example@example.com',1);
/*!40000 ALTER TABLE `persona` ENABLE KEYS */;
UNLOCK TABLES;

--
-- Table structure for table `persona_comite`
--

DROP TABLE IF EXISTS `persona_comite`;
/*!40101 SET @saved_cs_client     = @@character_set_client */;
/*!40101 SET character_set_client = utf8 */;
CREATE TABLE `persona_comite` (
  `idpersona_comite` int(11) NOT NULL AUTO_INCREMENT,
  `rutpersona` varchar(8) DEFAULT NULL,
  `idgrupo` int(11) DEFAULT NULL,
  `idcargo` int(11) DEFAULT NULL,
  `estado` varchar(20) DEFAULT NULL,
  PRIMARY KEY (`idpersona_comite`),
  KEY `rutpersona` (`rutpersona`),
  KEY `idgrupo` (`idgrupo`),
  KEY `idcargo` (`idcargo`)
) ENGINE=MyISAM AUTO_INCREMENT=136 DEFAULT CHARSET=utf8 PACK_KEYS=0;
/*!40101 SET character_set_client = @saved_cs_client */;

--
-- Dumping data for table `persona_comite`
--

LOCK TABLES `persona_comite` WRITE;
/*!40000 ALTER TABLE `persona_comite` DISABLE KEYS */;
INSERT INTO `persona_comite` VALUES (1,'3497769',3,1,'Postulante'),(2,'4427339',3,1,'Postulante'),(3,'5254743',3,1,'Postulante'),(4,'6968787',3,1,'Eliminado'),(5,'7325713',3,1,'Postulante'),(6,'7326930',3,1,'Postulante'),(7,'7454262',3,1,'Postulante'),(8,'7632930',3,1,'Postulante'),(9,'8169306',3,1,'Postulante'),(10,'9681700',3,1,'Postulante'),(11,'10282533',3,1,'Postulante'),(12,'10994726',3,1,'Eliminado'),(13,'11072305',3,1,'Postulante'),(14,'11286176',3,1,'Postulante'),(15,'11286239',3,1,'Postulante'),(16,'11531411',3,1,'Postulante'),(17,'11562139',3,1,'Postulante'),(18,'11766869',3,1,'Postulante'),(19,'11955523',3,1,'Postulante'),(20,'12371817',3,1,'Postulante'),(21,'12788618',3,1,'Postulante'),(22,'13205808',3,1,'Postulante'),(23,'13355596',3,1,'Postulante'),(24,'13788169',3,1,'Postulante'),(25,'13788242',3,1,'Postulante'),(26,'13788890',3,1,'Postulante'),(27,'15133736',3,1,'Postulante'),(28,'15150745',3,1,'Postulante'),(29,'14165260',1,1,'No Postulante'),(30,'4620985',5,1,'Postulante'),(31,'4859722',5,1,'Postulante'),(32,'8569549',5,1,'Postulante'),(33,'9263299',5,1,'Postulante'),(34,'9564869',5,1,'Postulante'),(35,'9918731',5,1,'Postulante'),(36,'10670394',5,1,'Postulante'),(37,'10947598',5,1,'Postulante'),(38,'12374039',5,1,'Postulante'),(39,'12591442',5,1,'Postulante'),(40,'12728180',5,1,'Postulante'),(41,'12788508',5,1,'Postulante'),(42,'12788745',5,1,'Postulante'),(43,'13205792',5,1,'Postulante'),(44,'13788300',5,1,'Postulante'),(45,'14021145',5,1,'Postulante'),(46,'14341821',5,1,'Postulante'),(90,'12373202',4,1,'Postulante'),(48,'10229629',5,1,'Postulante'),(49,'14902356',5,1,'Postulante'),(50,'15135646',5,1,'Postulante'),(51,'15149750',5,1,'Postulante'),(52,'15150270',5,1,'Postulante'),(53,'16294042',5,1,'Postulante'),(54,'16531299',5,1,'Postulante'),(55,'16538396',5,1,'Postulante'),(56,'16541973',5,1,'Postulante'),(57,'16541974',5,1,'Postulante'),(58,'16793219',5,1,'Postulante'),(59,'17498565',5,1,'Postulante'),(60,'17886428',5,1,'Postulante'),(61,'18707841',5,1,'Postulante'),(62,'8499307',5,1,'Postulante'),(63,'11766914',3,1,'Postulante'),(64,'5003999',2,1,'Postulante'),(65,'6263377',2,1,'Postulante'),(66,'6467141',2,1,'Postulante'),(67,'6574708',2,1,'Postulante'),(68,'6620999',2,1,'Postulante'),(69,'6720603',2,1,'Postulante'),(70,'6936692',2,1,'Postulante'),(71,'7406156',2,1,'Postulante'),(72,'8257017',2,1,'Postulante'),(73,'9300074',2,1,'Postulante'),(74,'10545441',2,1,'Postulante'),(75,'10915740',2,1,'Postulante'),(76,'11199842',2,1,'Postulante'),(77,'11199965',2,1,'Postulante'),(78,'11531333',2,1,'Postulante'),(79,'5569365',4,1,'Postulante'),(80,'5868879',4,1,'Postulante'),(81,'7324184',4,1,'Postulante'),(82,'8335124',4,1,'Postulante'),(83,'9769172',4,1,'Postulante'),(84,'10232251',4,1,'Postulante'),(85,'10685199',4,1,'Postulante'),(86,'11199931',4,1,'Postulante'),(87,'11766726',4,1,'Postulante'),(88,'12056201',4,1,'Postulante'),(89,'12371954',4,1,'Postulante'),(91,'5720512',4,1,'Postulante'),(92,'12374904',4,1,'Postulante'),(93,'12607089',4,1,'Postulante'),(94,'12788642',4,1,'Postulante'),(95,'12927537',4,1,'Postulante'),(96,'13291399',4,1,'Postulante'),(97,'13466350',4,1,'Postulante'),(98,'13787766',4,1,'Postulante'),(99,'14021153',4,1,'Postulante'),(100,'14235744',4,1,'Postulante'),(101,'15150755',4,1,'Postulante'),(102,'15150728',4,1,'Postulante'),(103,'17170503',4,1,'Postulante'),(104,'18360333',4,1,'Postulante'),(105,'12101415',2,1,'Postulante'),(106,'12372141',2,1,'Postulante'),(107,'12586889',2,1,'Postulante'),(108,'13355345',2,1,'Postulante'),(109,'13576138',2,1,'Postulante'),(110,'13788054',2,1,'Postulante'),(111,'13788251',2,1,'Postulante'),(112,'14021325',2,1,'Postulante'),(113,'14354968',2,1,'Postulante'),(114,'14565368',2,1,'Postulante'),(115,'14021067',2,1,'Postulante'),(116,'15150255',2,1,'Postulante'),(117,'15570928',2,1,'Postulante'),(118,'15923176',2,1,'Postulante'),(119,'16005947',2,1,'Postulante'),(120,'16006103',2,1,'Postulante'),(121,'16294284',2,1,'Postulante'),(122,'16294306',2,1,'Postulante'),(123,'16537644',2,1,'Postulante'),(124,'16541718',2,1,'Postulante'),(125,'16541740',2,1,'Postulante'),(126,'16542230',2,1,'Postulante'),(127,'16793633',2,1,'Postulante'),(128,'16837635',2,1,'Postulante'),(129,'17147041',2,1,'Postulante'),(130,'17147260',2,1,'Postulante'),(131,'17160838',2,1,'Postulante'),(132,'17498021',2,1,'Postulante'),(133,'17522046',2,1,'Postulante'),(134,'18112476',2,1,'Postulante'),(135,'18359731',2,1,'Postulante');
/*!40000 ALTER TABLE `persona_comite` ENABLE KEYS */;
UNLOCK TABLES;

--
-- Table structure for table `persona_ficha`
--

DROP TABLE IF EXISTS `persona_ficha`;
/*!40101 SET @saved_cs_client     = @@character_set_client */;
/*!40101 SET character_set_client = utf8 */;
CREATE TABLE `persona_ficha` (
  `idpersona_ficha` int(11) NOT NULL AUTO_INCREMENT,
  `nficha` int(7) DEFAULT NULL,
  `rutpersona` varchar(8) DEFAULT NULL,
  PRIMARY KEY (`idpersona_ficha`),
  KEY `rutpersona` (`rutpersona`),
  KEY `nficha` (`nficha`,`rutpersona`),
  KEY `nficha_2` (`nficha`)
) ENGINE=MyISAM AUTO_INCREMENT=141 DEFAULT CHARSET=utf8 PACK_KEYS=0;
/*!40101 SET character_set_client = @saved_cs_client */;

--
-- Dumping data for table `persona_ficha`
--

LOCK TABLES `persona_ficha` WRITE;
/*!40000 ALTER TABLE `persona_ficha` DISABLE KEYS */;
INSERT INTO `persona_ficha` VALUES (1,1,'5569365'),(2,2,'14165260'),(3,3,'5720512'),(4,4,'5868879'),(5,5,'6770835'),(6,6,'7324184'),(7,7,'8335124'),(8,8,'10232251'),(9,9,'10685199'),(10,10,'11231977'),(11,11,'12056201'),(12,12,'12371954'),(13,13,'12373202'),(14,14,'9769172'),(15,15,'11199931'),(117,117,'14021325'),(17,17,'11766726'),(18,18,'12374904'),(19,19,'12607089'),(20,20,'12788642'),(21,21,'12927537'),(22,22,'13291399'),(23,23,'13787766'),(24,24,'14235744'),(25,25,'15150755'),(26,26,'15150728'),(27,27,'17147026'),(28,28,'17170503'),(29,29,'18360333'),(30,30,'3497769'),(31,31,'4427339'),(32,32,'5254743'),(33,33,'6968787'),(34,34,'7325713'),(35,35,'7326930'),(36,36,'7454262'),(37,37,'7632930'),(38,38,'8169306'),(39,39,'9681700'),(40,40,'10282533'),(41,41,'10994726'),(42,42,'11072305'),(43,43,'11286176'),(44,44,'11286239'),(45,45,'11531411'),(46,46,'11562139'),(47,47,'11766869'),(48,48,'11766914'),(49,49,'11955523'),(50,50,'12371817'),(51,51,'12788618'),(52,52,'13205808'),(53,53,'13355596'),(54,54,'13788169'),(55,55,'13788242'),(56,56,'13788890'),(57,57,'15133736'),(58,58,'15150745'),(59,59,'3497769'),(60,60,'4620985'),(61,61,'4859722'),(62,62,'8569549'),(63,63,'9263299'),(64,64,'9564869'),(65,65,'9918731'),(66,66,'10670394'),(67,67,'10947598'),(68,68,'12374039'),(69,69,'12591442'),(70,70,'12728180'),(71,71,'12788508'),(72,72,'12788745'),(73,73,'13205792'),(74,74,'13788300'),(75,75,'14021145'),(76,76,'14341821'),(77,77,'14902356'),(78,78,'10229629'),(79,79,'15135646'),(80,80,'15149750'),(81,81,'15150270'),(82,82,'16294042'),(83,83,'16531299'),(84,84,'16538396'),(85,85,'16541973'),(86,86,'16541974'),(87,87,'16793219'),(88,88,'17498565'),(89,89,'17886428'),(90,90,'18707841'),(91,91,'8499307'),(92,92,'5003999'),(93,93,'6263377'),(94,94,'6467141'),(95,95,'6574708'),(96,96,'6620999'),(97,97,'6720603'),(98,98,'6936692'),(99,99,'7406156'),(100,100,'8257017'),(101,101,'9300074'),(102,102,'10545441'),(103,103,'10915740'),(104,104,'11199842'),(105,105,'11199965'),(106,106,'11531333'),(107,107,'13466350'),(108,108,'16598846'),(109,109,'14021153'),(110,110,'12101415'),(111,111,'12372141'),(112,112,'12586889'),(113,113,'13355345'),(114,114,'13576138'),(115,115,'13788054'),(116,116,'13788251'),(118,118,'14354968'),(119,119,'14565368'),(120,120,'15150255'),(121,121,'14021067'),(122,122,'15570928'),(123,123,'15923176'),(124,124,'16005947'),(125,125,'16006103'),(126,126,'16294284'),(127,127,'16294306'),(128,128,'16537644'),(129,129,'16541718'),(130,130,'16541740'),(131,131,'16542230'),(132,132,'16793633'),(133,133,'16837635'),(134,134,'17147041'),(135,135,'17147260'),(136,136,'17160838'),(137,137,'17498021'),(138,138,'17522046'),(139,139,'18112476'),(140,140,'18359731');
/*!40000 ALTER TABLE `persona_ficha` ENABLE KEYS */;
UNLOCK TABLES;

--
-- Table structure for table `persona_vivienda`
--

DROP TABLE IF EXISTS `persona_vivienda`;
/*!40101 SET @saved_cs_client     = @@character_set_client */;
/*!40101 SET character_set_client = utf8 */;
CREATE TABLE `persona_vivienda` (
  `idpersona_vivienda` int(11) NOT NULL AUTO_INCREMENT,
  `rol` varchar(20) DEFAULT NULL,
  `rut` varchar(8) DEFAULT NULL,
  PRIMARY KEY (`idpersona_vivienda`),
  KEY `rut` (`rut`),
  KEY `rol` (`rol`)
) ENGINE=MyISAM AUTO_INCREMENT=136 DEFAULT CHARSET=utf8 PACK_KEYS=0;
/*!40101 SET character_set_client = @saved_cs_client */;

--
-- Dumping data for table `persona_vivienda`
--

LOCK TABLES `persona_vivienda` WRITE;
/*!40000 ALTER TABLE `persona_vivienda` DISABLE KEYS */;
INSERT INTO `persona_vivienda` VALUES (112,'308-7','14021325'),(2,'92-8','5569365'),(3,'164-7','5720512'),(4,'164-15','5868879'),(5,'90-13','7324184'),(6,'47-7','8335124'),(7,'177-2','9769172'),(8,'84-15','10232251'),(9,'900-5','14165260'),(10,'157-2','3497769'),(11,'121-5','5254743'),(12,'167-22','6968787'),(13,'170-4','7325713'),(14,'115-14','7326930'),(15,'164-10','7454262'),(16,'81-4','7632930'),(17,'116-33','8169306'),(18,'162-9','9681700'),(19,'162-12','10282533'),(20,'162-27','10994726'),(21,'156-21','11072305'),(22,'119-9','11286176'),(23,'165-5','11286239'),(24,'148-32','11531411'),(25,'117-5','11562139'),(26,'145-11','11766869'),(27,'118-19','11766914'),(28,'166-20','11955523'),(29,'161-27','12371817'),(30,'117-3','12788618'),(31,'118-12','13205808'),(32,'149-10','13355596'),(33,'148-36','13788169'),(34,'161-28','13788242'),(35,'73-10','13788890'),(36,'169-1','15133736'),(37,'169-5','15150745'),(38,'310-8','4620985'),(39,'327-17','4859722'),(40,'319-4','8569549'),(41,'156-15','9263299'),(42,'104-1','9564869'),(43,'315-13','9918731'),(44,'305-22','10670394'),(45,'97-14','10947598'),(46,'312-1','12374039'),(47,'312-20','12591442'),(48,'304-24','12728180'),(49,'304-4','12788508'),(50,'323-9','12788745'),(51,'304-12','13205792'),(52,'326-10','13788300'),(53,'322-9','14021145'),(54,'310-3','14341821'),(55,'164-15','12373202'),(56,'219-147','12607089'),(57,'304-11','10229629'),(58,'339-11','14902356'),(59,'339-1','15135646'),(60,'306-12','15149750'),(61,'306-24','15150270'),(62,'308-4','16294042'),(63,'308-12','16531299'),(64,'312-5','16538396'),(65,'314-9','16541973'),(66,'323-3','16541974'),(67,'326-2','16793219'),(68,'311-7','17498565'),(69,'308-8','17886428'),(70,'346-8','8499307'),(71,'322-15','18707841'),(72,'9-7','4427339'),(73,'316-10','5003999'),(74,'348-7','6263377'),(75,'214-51','6467141'),(76,'303-20','6574708'),(77,'309-14','6620999'),(78,'310-4','6720603'),(79,'303-6','6936692'),(80,'310-20','7406156'),(81,'309-5','8257017'),(82,'315-2','9300074'),(83,'41-10','10545441'),(84,'319-12','10915740'),(85,'339-12','11199842'),(86,'314-19','11199965'),(87,'315-16','11531333'),(88,'165-18','10685199'),(89,'161-5','11199931'),(90,'164-16','11766726'),(91,'93-11','12056201'),(92,'119-8','12371954'),(93,'166-19','12374904'),(94,'177-19','12788642'),(95,'118-14','12927537'),(96,'116-8','13291399'),(97,'173-8','13466350'),(98,'149-9','13787766'),(99,'178-24','14021153'),(100,'162-14','14235744'),(101,'63-13','15150755'),(102,'167-20','15150728'),(103,'305-17','17170503'),(104,'334-16','18360333'),(105,'214-11','12101415'),(106,'320-14','12372141'),(107,'306-20','12586889'),(108,'308-5','13355345'),(109,'304-7','13576138'),(110,'304-9','13788054'),(111,'327-16','13788251'),(113,'305-2','14354968'),(114,'340-3','14565368'),(115,'310-14','15150255'),(116,'316-2','14021067'),(117,'270-5','15570928'),(118,'312-19','15923176'),(119,'322-5','16005947'),(120,'313-16','16006103'),(121,'305-5','16294284'),(122,'314-10','16294306'),(123,'312-14','16537644'),(124,'346-14','16541718'),(125,'310-12','16541740'),(126,'303-5','16542230'),(127,'312-13','16793633'),(128,'304-5','16837635'),(129,'310-24','17147041'),(130,'339-2','17147260'),(131,'312-16','17160838'),(132,'310-22','17498021'),(133,'340-4','17522046'),(134,'315-9','18112476'),(135,'305-6','18359731');
/*!40000 ALTER TABLE `persona_vivienda` ENABLE KEYS */;
UNLOCK TABLES;

--
-- Table structure for table `piso`
--

DROP TABLE IF EXISTS `piso`;
/*!40101 SET @saved_cs_client     = @@character_set_client */;
/*!40101 SET character_set_client = utf8 */;
CREATE TABLE `piso` (
  `idpiso` int(11) NOT NULL,
  `piso` varchar(20) DEFAULT NULL,
  PRIMARY KEY (`idpiso`)
) ENGINE=MyISAM DEFAULT CHARSET=utf8 PACK_KEYS=0;
/*!40101 SET character_set_client = @saved_cs_client */;

--
-- Dumping data for table `piso`
--

LOCK TABLES `piso` WRITE;
/*!40000 ALTER TABLE `piso` DISABLE KEYS */;
INSERT INTO `piso` VALUES (1,'1er Piso'),(2,'2do Piso');
/*!40000 ALTER TABLE `piso` ENABLE KEYS */;
UNLOCK TABLES;

--
-- Table structure for table `postulaciones`
--

DROP TABLE IF EXISTS `postulaciones`;
/*!40101 SET @saved_cs_client     = @@character_set_client */;
/*!40101 SET character_set_client = utf8 */;
CREATE TABLE `postulaciones` (
  `idpostulacion` int(11) NOT NULL,
  `idgrupo` int(11) DEFAULT NULL,
  `item_postulacion` int(11) DEFAULT '0',
  `fecha_inicio` bigint(20) DEFAULT NULL,
  `fecha_final` bigint(20) DEFAULT NULL,
  `dias` int(3) DEFAULT NULL,
  PRIMARY KEY (`idpostulacion`),
  KEY `idgrupo` (`idgrupo`),
  KEY `idtiporesidencia` (`item_postulacion`)
) ENGINE=MyISAM DEFAULT CHARSET=utf8 PACK_KEYS=0;
/*!40101 SET character_set_client = @saved_cs_client */;

--
-- Dumping data for table `postulaciones`
--

LOCK TABLES `postulaciones` WRITE;
/*!40000 ALTER TABLE `postulaciones` DISABLE KEYS */;
INSERT INTO `postulaciones` VALUES (2,3,5,1520910000,1531195200,120),(3,5,1,1515985200,1523674800,90),(1,1,1,1506826800,1509332400,30),(4,4,1,1515985200,1523674800,90),(5,2,5,1515985200,1531454400,180);
/*!40000 ALTER TABLE `postulaciones` ENABLE KEYS */;
UNLOCK TABLES;

--
-- Table structure for table `profesional_postulacion`
--

DROP TABLE IF EXISTS `profesional_postulacion`;
/*!40101 SET @saved_cs_client     = @@character_set_client */;
/*!40101 SET character_set_client = utf8 */;
CREATE TABLE `profesional_postulacion` (
  `idprofesional_postulacion` int(11) NOT NULL,
  `rutprof` varchar(8) DEFAULT NULL,
  `idpostulacion` int(11) DEFAULT NULL,
  PRIMARY KEY (`idprofesional_postulacion`),
  KEY `rutprof` (`rutprof`),
  KEY `idpostulacion` (`idpostulacion`)
) ENGINE=MyISAM DEFAULT CHARSET=utf8 PACK_KEYS=0;
/*!40101 SET character_set_client = @saved_cs_client */;

--
-- Dumping data for table `profesional_postulacion`
--

LOCK TABLES `profesional_postulacion` WRITE;
/*!40000 ALTER TABLE `profesional_postulacion` DISABLE KEYS */;
INSERT INTO `profesional_postulacion` VALUES (1,'13576419',1),(2,'13576419',2),(3,'76126786',3),(4,'13576419',4),(5,'18476255',5);
/*!40000 ALTER TABLE `profesional_postulacion` ENABLE KEYS */;
UNLOCK TABLES;

--
-- Table structure for table `profesionales`
--

DROP TABLE IF EXISTS `profesionales`;
/*!40101 SET @saved_cs_client     = @@character_set_client */;
/*!40101 SET character_set_client = utf8 */;
CREATE TABLE `profesionales` (
  `rutprof` varchar(8) NOT NULL,
  `dv` varchar(1) DEFAULT NULL,
  `nombres` varchar(50) DEFAULT NULL,
  `apellidos` varchar(50) DEFAULT NULL,
  `direccion` varchar(100) DEFAULT NULL,
  `idcomuna` int(11) DEFAULT NULL,
  `telefono` int(11) DEFAULT NULL,
  `correo` varchar(50) DEFAULT NULL,
  `cargo` varchar(50) DEFAULT NULL,
  PRIMARY KEY (`rutprof`),
  KEY `idcomuna` (`idcomuna`)
) ENGINE=MyISAM DEFAULT CHARSET=utf8 PACK_KEYS=0;
/*!40101 SET character_set_client = @saved_cs_client */;

--
-- Dumping data for table `profesionales`
--

LOCK TABLES `profesionales` WRITE;
/*!40000 ALTER TABLE `profesionales` DISABLE KEYS */;
INSERT INTO `profesionales` VALUES ('13576419','1','VICTOR ANDRES','MORALES','SANCHEZ',7407,-56084430,'vmscontratista@gmail.com','CONTRATISTA'),('76126786','8','CONSTRUCTORA RUBEN','GALDAMEZ MORENO','LA AGUADA S/N',7403,-2381490,'...@GMAIL.COM','CONTRATISTA'),('18476255','2','FRANCISCA ','MORALES RECABAL','OTE N°3231',7407,0,'...@GMAIL.COM','CONTRATISTA');
/*!40000 ALTER TABLE `profesionales` ENABLE KEYS */;
UNLOCK TABLES;

--
-- Table structure for table `provincia`
--

DROP TABLE IF EXISTS `provincia`;
/*!40101 SET @saved_cs_client     = @@character_set_client */;
/*!40101 SET character_set_client = utf8 */;
CREATE TABLE `provincia` (
  `PROVINCIA_ID` int(3) NOT NULL DEFAULT '0',
  `PROVINCIA_NOMBRE` varchar(23) DEFAULT NULL,
  `PROVINCIA_REGION_ID` int(2) DEFAULT NULL,
  PRIMARY KEY (`PROVINCIA_ID`),
  KEY `PROVINCIA_REGION_ID` (`PROVINCIA_REGION_ID`)
) ENGINE=MyISAM DEFAULT CHARSET=utf8;
/*!40101 SET character_set_client = @saved_cs_client */;

--
-- Dumping data for table `provincia`
--

LOCK TABLES `provincia` WRITE;
/*!40000 ALTER TABLE `provincia` DISABLE KEYS */;
INSERT INTO `provincia` VALUES (11,'Iquique',1),(14,'Tamarugal',1),(21,'Antofagasta',2),(22,'El Loa',2),(23,'Tocopilla',2),(31,'Copiapó',3),(32,'Chañaral',3),(33,'Huasco',3),(41,'Elqui',4),(42,'Choapa',4),(43,'Limarí',4),(51,'Valparaíso',5),(52,'Isla de Pascua',5),(53,'Los Andes',5),(54,'Petorca',5),(55,'Quillota',5),(56,'San Antonio',5),(57,'San Felipe de Aconcagua',5),(58,'Marga Marga',5),(61,'Cachapoal',6),(62,'Cardenal Caro',6),(63,'Colchagua',6),(71,'Talca',7),(72,'Cauquenes',7),(73,'Curicó',7),(74,'Linares',7),(81,'Concepción',8),(82,'Arauco',8),(83,'Biobío',8),(84,'Ñuble',8),(91,'Cautín',9),(92,'Malleco',9),(101,'Llanquihue',10),(102,'Chiloé',10),(103,'Osorno',10),(104,'Palena',10),(111,'Coihaique',11),(112,'Aisén',11),(113,'Capitán Prat',11),(114,'General Carrera',11),(121,'Magallanes',12),(122,'Antártica Chilena',12),(123,'Tierra del Fuego',12),(124,'Última Esperanza',12),(131,'Santiago',13),(132,'Cordillera',13),(133,'Chacabuco',13),(134,'Maipo',13),(135,'Melipilla',13),(136,'Talagante',13),(141,'Valdivia',14),(142,'Ranco',14),(151,'Arica',15),(152,'Parinacota',15);
/*!40000 ALTER TABLE `provincia` ENABLE KEYS */;
UNLOCK TABLES;

--
-- Table structure for table `region`
--

DROP TABLE IF EXISTS `region`;
/*!40101 SET @saved_cs_client     = @@character_set_client */;
/*!40101 SET character_set_client = utf8 */;
CREATE TABLE `region` (
  `REGION_ID` int(2) NOT NULL DEFAULT '0',
  `REGION_NOMBRE` varchar(50) DEFAULT NULL,
  `ISO_3166_2_CL` varchar(5) DEFAULT NULL,
  PRIMARY KEY (`REGION_ID`)
) ENGINE=MyISAM DEFAULT CHARSET=utf8;
/*!40101 SET character_set_client = @saved_cs_client */;

--
-- Dumping data for table `region`
--

LOCK TABLES `region` WRITE;
/*!40000 ALTER TABLE `region` DISABLE KEYS */;
INSERT INTO `region` VALUES (1,'Región de Tarapacá','CL-TA'),(2,'Región de Antofagasta','CL-AN'),(3,'Región de Atacama','CL-AT'),(4,'Región de Coquimbo','CL-CO'),(5,'Región de Valparaíso','CL-VS'),(6,'Región del Libertador Gral. Bernardo O’Higgins','CL-LI'),(7,'Región del Maule','CL-ML'),(8,'Región del Biobío','CL-BI'),(9,'Región de la Araucanía','CL-AR'),(10,'Región de Los Lagos','CL-LL'),(11,'Región Aisén del Gral. Carlos Ibáñez del Campo','CL-AI'),(12,'Región de Magallanes y de la Antártica Chilena','CL-MA'),(13,'Región Metropolitana de Santiago','CL-RM'),(14,'Región de Los Ríos','CL-LR'),(15,'Región de Arica y Parinacota','CL-AP');
/*!40000 ALTER TABLE `region` ENABLE KEYS */;
UNLOCK TABLES;

--
-- Table structure for table `tipo_residencia`
--

DROP TABLE IF EXISTS `tipo_residencia`;
/*!40101 SET @saved_cs_client     = @@character_set_client */;
/*!40101 SET character_set_client = utf8 */;
CREATE TABLE `tipo_residencia` (
  `idtiporesidencia` int(11) NOT NULL,
  `tiporesidencia` varchar(40) DEFAULT NULL,
  PRIMARY KEY (`idtiporesidencia`)
) ENGINE=MyISAM DEFAULT CHARSET=utf8 PACK_KEYS=0;
/*!40101 SET character_set_client = @saved_cs_client */;

--
-- Dumping data for table `tipo_residencia`
--

LOCK TABLES `tipo_residencia` WRITE;
/*!40000 ALTER TABLE `tipo_residencia` DISABLE KEYS */;
/*!40000 ALTER TABLE `tipo_residencia` ENABLE KEYS */;
UNLOCK TABLES;

--
-- Table structure for table `tipo_vivienda`
--

DROP TABLE IF EXISTS `tipo_vivienda`;
/*!40101 SET @saved_cs_client     = @@character_set_client */;
/*!40101 SET character_set_client = utf8 */;
CREATE TABLE `tipo_vivienda` (
  `idtipovivienda` int(11) NOT NULL AUTO_INCREMENT,
  `tipo` varchar(20) DEFAULT NULL,
  PRIMARY KEY (`idtipovivienda`)
) ENGINE=MyISAM AUTO_INCREMENT=3 DEFAULT CHARSET=utf8 PACK_KEYS=0;
/*!40101 SET character_set_client = @saved_cs_client */;

--
-- Dumping data for table `tipo_vivienda`
--

LOCK TABLES `tipo_vivienda` WRITE;
/*!40000 ALTER TABLE `tipo_vivienda` DISABLE KEYS */;
INSERT INTO `tipo_vivienda` VALUES (1,'urbano'),(2,'rural');
/*!40000 ALTER TABLE `tipo_vivienda` ENABLE KEYS */;
UNLOCK TABLES;

--
-- Table structure for table `tipofono`
--

DROP TABLE IF EXISTS `tipofono`;
/*!40101 SET @saved_cs_client     = @@character_set_client */;
/*!40101 SET character_set_client = utf8 */;
CREATE TABLE `tipofono` (
  `idtipo` int(11) NOT NULL,
  `tipo` varchar(20) DEFAULT NULL,
  PRIMARY KEY (`idtipo`)
) ENGINE=MyISAM DEFAULT CHARSET=utf8 PACK_KEYS=0;
/*!40101 SET character_set_client = @saved_cs_client */;

--
-- Dumping data for table `tipofono`
--

LOCK TABLES `tipofono` WRITE;
/*!40000 ALTER TABLE `tipofono` DISABLE KEYS */;
INSERT INTO `tipofono` VALUES (1,'Fijo'),(2,'Movil');
/*!40000 ALTER TABLE `tipofono` ENABLE KEYS */;
UNLOCK TABLES;

--
-- Table structure for table `tipopostulacion`
--

DROP TABLE IF EXISTS `tipopostulacion`;
/*!40101 SET @saved_cs_client     = @@character_set_client */;
/*!40101 SET character_set_client = utf8 */;
CREATE TABLE `tipopostulacion` (
  `idtipopostulacion` int(11) NOT NULL,
  `nombre` varchar(70) DEFAULT NULL,
  `idtitulo` int(11) DEFAULT NULL,
  PRIMARY KEY (`idtipopostulacion`),
  KEY `idtitulo` (`idtitulo`)
) ENGINE=MyISAM DEFAULT CHARSET=utf8 PACK_KEYS=0;
/*!40101 SET character_set_client = @saved_cs_client */;

--
-- Dumping data for table `tipopostulacion`
--

LOCK TABLES `tipopostulacion` WRITE;
/*!40000 ALTER TABLE `tipopostulacion` DISABLE KEYS */;
INSERT INTO `tipopostulacion` VALUES (1,'Mejoramiento',1),(2,'Termico',1),(3,'Colector Solar',1),(4,'Ampliacion',2);
/*!40000 ALTER TABLE `tipopostulacion` ENABLE KEYS */;
UNLOCK TABLES;

--
-- Table structure for table `titulo_postulacion`
--

DROP TABLE IF EXISTS `titulo_postulacion`;
/*!40101 SET @saved_cs_client     = @@character_set_client */;
/*!40101 SET character_set_client = utf8 */;
CREATE TABLE `titulo_postulacion` (
  `idtitulo_postulacion` int(11) NOT NULL,
  `titulo` varchar(20) DEFAULT NULL,
  PRIMARY KEY (`idtitulo_postulacion`)
) ENGINE=MyISAM DEFAULT CHARSET=utf8 PACK_KEYS=0;
/*!40101 SET character_set_client = @saved_cs_client */;

--
-- Dumping data for table `titulo_postulacion`
--

LOCK TABLES `titulo_postulacion` WRITE;
/*!40000 ALTER TABLE `titulo_postulacion` DISABLE KEYS */;
INSERT INTO `titulo_postulacion` VALUES (1,'Titulo II'),(2,'Titulo III');
/*!40000 ALTER TABLE `titulo_postulacion` ENABLE KEYS */;
UNLOCK TABLES;

--
-- Table structure for table `tramo`
--

DROP TABLE IF EXISTS `tramo`;
/*!40101 SET @saved_cs_client     = @@character_set_client */;
/*!40101 SET character_set_client = utf8 */;
CREATE TABLE `tramo` (
  `idtramo` int(11) NOT NULL AUTO_INCREMENT,
  `tramo` varchar(20) DEFAULT NULL,
  PRIMARY KEY (`idtramo`)
) ENGINE=MyISAM AUTO_INCREMENT=8 DEFAULT CHARSET=utf8 PACK_KEYS=0;
/*!40101 SET character_set_client = @saved_cs_client */;

--
-- Dumping data for table `tramo`
--

LOCK TABLES `tramo` WRITE;
/*!40000 ALTER TABLE `tramo` DISABLE KEYS */;
INSERT INTO `tramo` VALUES (1,'40%'),(2,'50%'),(3,'60%'),(4,'70%'),(5,'80%'),(6,'90%'),(7,'100%');
/*!40000 ALTER TABLE `tramo` ENABLE KEYS */;
UNLOCK TABLES;

--
-- Table structure for table `usuarios`
--

DROP TABLE IF EXISTS `usuarios`;
/*!40101 SET @saved_cs_client     = @@character_set_client */;
/*!40101 SET character_set_client = utf8 */;
CREATE TABLE `usuarios` (
  `idusuario` varchar(12) NOT NULL,
  `nombre` varchar(50) DEFAULT NULL,
  `apellidos` varchar(20) DEFAULT NULL,
  `correo` varchar(30) DEFAULT NULL,
  `clave` varchar(100) DEFAULT NULL,
  `perfil` int(11) DEFAULT NULL,
  `estado` tinyint(1) DEFAULT '0',
  PRIMARY KEY (`idusuario`),
  KEY `perfil` (`perfil`)
) ENGINE=MyISAM DEFAULT CHARSET=utf8 PACK_KEYS=0;
/*!40101 SET character_set_client = @saved_cs_client */;

--
-- Dumping data for table `usuarios`
--

LOCK TABLES `usuarios` WRITE;
/*!40000 ALTER TABLE `usuarios` DISABLE KEYS */;
INSERT INTO `usuarios` VALUES ('14165260-5','Hermann ','Pollack','hermann.pollack@gmail.com','e8a1a20bcfd81ace5c7dc5fb63ef268b',1,1),('11956379-8','Viviana','Recabal Castro','vrecabalcastro@gmail.com','3608439d5a0b552c0b3c4b694541007a',1,1),('14021077-3','Manuel Alejandro','Recabal Castro','recabarius@hotmail.com','1c7a92ae351d4e21ebdfb897508f59d6',1,1),('17498522-7','NICOLAS','SOLIS','name@ejemplo.com','a499c23c840ab91ac58fd292468b82e2',1,1),('16837874-2','NATALIE','FUENTES','natydiog@hotmail.es','46afbcd487bdbe3d8313364e907a317c',1,1);
/*!40000 ALTER TABLE `usuarios` ENABLE KEYS */;
UNLOCK TABLES;

--
-- Table structure for table `valores_items`
--

DROP TABLE IF EXISTS `valores_items`;
/*!40101 SET @saved_cs_client     = @@character_set_client */;
/*!40101 SET character_set_client = utf8 */;
CREATE TABLE `valores_items` (
  `idopcion` int(11) NOT NULL,
  `postulacion` int(11) DEFAULT NULL,
  `iditem` int(11) DEFAULT NULL,
  `valor` tinyint(1) DEFAULT NULL,
  PRIMARY KEY (`idopcion`),
  KEY `postulacion` (`postulacion`),
  KEY `postulacion_2` (`postulacion`,`iditem`),
  KEY `iditem` (`iditem`)
) ENGINE=MyISAM DEFAULT CHARSET=utf8 PACK_KEYS=0;
/*!40101 SET character_set_client = @saved_cs_client */;

--
-- Dumping data for table `valores_items`
--

LOCK TABLES `valores_items` WRITE;
/*!40000 ALTER TABLE `valores_items` DISABLE KEYS */;
/*!40000 ALTER TABLE `valores_items` ENABLE KEYS */;
UNLOCK TABLES;

--
-- Table structure for table `vivienda`
--

DROP TABLE IF EXISTS `vivienda`;
/*!40101 SET @saved_cs_client     = @@character_set_client */;
/*!40101 SET character_set_client = utf8 */;
CREATE TABLE `vivienda` (
  `rol` varchar(20) NOT NULL,
  `anio_recepcion` bigint(20) DEFAULT NULL,
  `fojas` varchar(20) DEFAULT NULL,
  `anio` bigint(20) DEFAULT NULL,
  `numero` int(11) DEFAULT NULL,
  `conservador` int(11) DEFAULT NULL,
  `tipo` int(11) DEFAULT '1',
  `superficie` decimal(11,2) DEFAULT NULL,
  PRIMARY KEY (`rol`),
  KEY `tipo` (`tipo`),
  KEY `vivienda_fk2` (`conservador`)
) ENGINE=MyISAM DEFAULT CHARSET=utf8 PACK_KEYS=0;
/*!40101 SET character_set_client = @saved_cs_client */;

--
-- Dumping data for table `vivienda`
--

LOCK TABLES `vivienda` WRITE;
/*!40000 ALTER TABLE `vivienda` DISABLE KEYS */;
INSERT INTO `vivienda` VALUES ('308-7',2012,'1667',2012,903,3,2,108.00),('92-8',1999,'1423',2005,1371,3,1,0.00),('164-7',2007,'2740',2007,1628,3,1,100.00),('164-15',1999,'679',1999,843,3,1,78.00),('90-13',1999,'2025',2003,1018,3,1,0.00),('47-7',1994,'3668',1994,3342,1,1,120.00),('177-2',2008,'436',2008,335,3,1,0.00),('84-15',1992,'2070',1997,318,3,2,0.00),('900-5',2017,'9',2017,9,1,0,1000.23),('157-2',2005,'516',2005,257,3,1,102.00),('121-5',2002,'1494',2001,817,3,1,101.48),('167-22',2007,'2568',2006,1571,3,1,100.00),('170-4',2007,'2577',2007,1574,3,1,100.00),('115-14',2007,'2115',2007,1356,3,1,100.20),('164-10',2007,'2547',2007,1564,3,1,100.00),('81-4',1989,'1836',1989,1683,2,1,120.00),('116-33',2007,'1836',2007,1683,3,1,109.20),('162-9',2007,'2517',2007,1554,3,1,100.00),('162-12',2007,'3675',2007,2252,3,1,100.00),('162-27',2007,'3396',2006,1994,2,1,108.00),('156-21',2005,'46',2005,35,3,1,108.00),('119-9',2007,'8275',2007,1396,3,1,100.00),('165-5',2007,'2727',2007,1624,3,1,108.00),('148-32',2005,'2559',2005,1420,3,1,102.00),('117-5',2007,'2111',2007,1355,3,1,100.20),('145-11',2002,'2657',2002,1604,3,1,109.00),('118-19',2007,'2295',2007,1401,3,1,100.20),('166-20',2007,'2818',2007,1654,3,1,100.00),('161-27',2007,'2733',2007,1626,3,1,100.00),('117-3',2007,'3226',2007,1892,3,1,100.20),('118-12',2007,'2263',2007,1393,3,1,100.20),('149-10',2005,'2687',2005,1463,3,1,100.00),('148-36',2005,'2601',2005,1434,3,1,100.00),('161-28',2007,'2634',2007,1593,3,1,117.18),('73-10',2012,'3293',2010,2094,3,1,150.00),('169-1',2007,'1679',2007,1493,3,1,105.90),('169-5',2007,'2583',2006,1576,3,1,128.00),('310-8',2013,'1571',2010,1782,3,2,124.42),('327-17',2015,'2518',2013,1658,3,2,100.00),('319-4',2012,'1286',2009,755,3,2,108.00),('156-15',2005,'130',2005,63,3,1,100.00),('104-1',1999,'1641',1999,1065,3,1,118.03),('315-13',2012,'1589',2012,877,3,2,100.00),('305-22',2012,'1451',2012,831,3,2,100.00),('97-14',1996,'2235',1996,1303,3,2,70.19),('312-1',2012,'985',2012,655,3,2,129.30),('312-20',2012,'1304',2012,761,3,2,129.30),('304-24',2012,'1640',2012,894,3,2,112.80),('304-4',2012,'1565',2012,869,3,2,100.00),('323-9',2012,'1283',2012,754,3,2,119.10),('304-12',2012,'1532',2012,858,3,2,102.00),('326-10',2015,'167',2015,133,3,2,102.00),('322-9',2015,'215',2015,145,3,2,103.00),('310-3',2012,'1923',2012,1072,3,2,108.00),('107-3',1999,'1109',1999,809,3,1,60.00),('210-147',1995,'1129',1995,879,3,2,257.60),('304-11',2012,'1697',2012,913,3,2,108.00),('339-11',2015,'2866',2015,1743,3,2,109.00),('339-1',2015,'2809',2015,1729,3,2,109.00),('306-12',2012,'1763',2012,935,3,2,108.00),('306-24',2012,'1460',2012,834,3,2,108.00),('308-4',2012,'1673',2012,905,3,2,108.00),('308-12',2012,'1421',2012,821,3,2,108.00),('312-5',2012,'1073',2012,684,3,2,108.00),('314-9',2012,'1670',2012,904,3,2,108.00),('323-3',2012,'1343',2012,774,3,2,108.00),('326-2',2015,'283',2015,162,3,2,108.00),('311-7',2012,'1463',2012,835,3,2,108.00),('308-8',2012,'1715',2012,919,3,2,108.00),('346-8',2015,'897',2015,348,3,2,108.00),('322-15',2015,'207',2015,143,3,2,108.00),('9-7',1985,'322',1985,227,3,1,10500.00),('316-10',2012,'1316',2012,765,3,2,108.00),('348-7',2015,'2040',2015,1404,3,2,109.00),('214-51',2015,'332',2015,236,3,2,5000.00),('303-20',2012,'1163',2012,714,3,2,108.00),('309-14',2013,'1923',2013,1072,3,2,108.00),('310-4',2013,'1467',2013,1753,3,2,108.00),('303-6',2012,'1682',2012,908,3,2,108.00),('310-20',2013,'1428',2013,1740,3,2,108.00),('309-5',2013,'1923',2013,1072,3,2,108.00),('315-2',2012,'1169',2012,716,3,2,108.00),('41-10',2000,'580',2000,643,3,1,110.00),('319-12',2012,'1124',2012,701,3,2,108.00),('339-12',2015,'2530',2015,1661,3,2,109.00),('314-19',2012,'976',2012,652,3,2,108.00),('315-16',2012,'1006',2012,662,3,2,108.00),('165-18',2007,'2601',2007,1582,3,1,100.00),('161-5',2007,'0',2007,0,3,2,100.00),('164-16',2007,'2043',2007,1715,3,1,100.00),('93-11',1999,'135',1999,51,3,1,100.00),('119-8',2007,'2103',2007,1353,3,1,100.00),('166-19',2007,'2758',2007,1634,3,2,100.00),('177-19',2013,'2260',2013,2170,3,1,110.00),('118-14',2007,'3186',2007,1882,3,2,100.00),('116-8',2007,'0',2007,0,3,1,100.20),('173-8',2009,'1126',2009,849,3,1,120.00),('149-9',2005,'2574',2005,1425,3,1,100.20),('178-24',2008,'0',2008,0,3,1,110.00),('162-14',2007,'2712',2007,1619,3,1,100.20),('63-13',2014,'2695',2014,1400,3,1,250.00),('167-20',2007,'1907',2007,1588,3,1,100.20),('305-17',2012,'1385',2012,809,3,2,108.00),('334-16',2014,'2626',2014,1730,3,2,120.00),('214-11',2016,'2402',2016,1437,3,2,450.00),('320-14',2012,'1334',2012,771,3,2,108.00),('306-20',2012,'1523',2012,855,3,2,108.00),('308-5',2012,'1583',2012,875,3,2,108.00),('304-7',2012,'1712',2012,918,3,2,108.00),('304-9',2012,'1484',2012,842,3,2,108.00),('327-16',2015,'2886',2015,1748,3,2,108.00),('305-2',2012,'1769',2012,937,3,2,100.00),('340-3',2015,'2614',2015,1682,3,2,109.00),('310-14',2013,'1422',2013,1738,3,2,108.00),('316-2',2012,'1211',2012,730,3,2,109.00),('270-5',2011,'285',2011,127,3,2,108.00),('312-19',2012,'964',2012,648,3,2,108.00),('322-5',2013,'1455',2013,1749,3,2,108.00),('313-16',2012,'1319',2012,766,3,2,108.00),('305-5',2012,'1454',2012,832,3,2,108.00),('314-10',2012,'1700',2012,914,3,2,108.00),('312-14',2012,'1745',2012,929,3,2,108.00),('346-14',2015,'1815',2015,1348,3,2,108.00),('310-12',2013,'0',2013,0,3,2,108.00),('303-5',2012,'1721',2012,921,3,2,108.00),('312-13',2012,'1433',2012,825,3,2,108.00),('304-5',2012,'1409',2012,817,3,2,108.00),('310-24',2015,'2878',2015,1746,3,2,108.00),('339-2',2015,'2578',2015,1638,3,2,108.00),('312-16',2012,'3698',2012,2524,3,2,108.00),('310-22',2013,'1434',2013,1742,3,2,108.00),('340-4',2015,'2825',2015,1733,3,2,108.00),('315-9',2012,'1646',2012,896,3,2,108.00),('305-6',2012,'1520',2012,854,3,2,108.00);
/*!40000 ALTER TABLE `vivienda` ENABLE KEYS */;
UNLOCK TABLES;

--
-- Table structure for table `vivienda_certificados`
--

DROP TABLE IF EXISTS `vivienda_certificados`;
/*!40101 SET @saved_cs_client     = @@character_set_client */;
/*!40101 SET character_set_client = utf8 */;
CREATE TABLE `vivienda_certificados` (
  `idvivienda_certificado` int(11) NOT NULL AUTO_INCREMENT,
  `rol` varchar(20) DEFAULT NULL,
  `idcertificacion` int(11) DEFAULT NULL,
  `numero` int(11) DEFAULT '0',
  `fecha` bigint(20) DEFAULT NULL,
  PRIMARY KEY (`idvivienda_certificado`),
  KEY `rol` (`rol`),
  KEY `rol_2` (`rol`,`idcertificacion`),
  KEY `idcertificacion` (`idcertificacion`)
) ENGINE=MyISAM AUTO_INCREMENT=286 DEFAULT CHARSET=utf8 PACK_KEYS=0;
/*!40101 SET character_set_client = @saved_cs_client */;

--
-- Dumping data for table `vivienda_certificados`
--

LOCK TABLES `vivienda_certificados` WRITE;
/*!40000 ALTER TABLE `vivienda_certificados` DISABLE KEYS */;
INSERT INTO `vivienda_certificados` VALUES (1,'92-8',1,16,925185600),(2,'92-8',2,18,938664000),(3,'164-7',1,28,1148961600),(4,'164-7',2,13,1180065600),(5,'164-15',1,41,909457200),(6,'164-15',2,16,931924800),(7,'90-13',1,16,927604800),(8,'47-7',1,21,774849600),(9,'47-7',2,10,775972800),(10,'177-2',1,139,1190865600),(11,'177-2',2,119,1224817200),(12,'84-15',1,8,698554800),(13,'84-15',2,17,706852800),(14,'900-5',1,9,1497412800),(15,'900-5',2,9,1497499200),(16,'900-5',3,9,1497499200),(17,'900-5',4,9,1497499200),(18,'157-2',1,20,1078887600),(19,'157-2',2,36,1134529200),(20,'121-5',1,25,993614400),(21,'121-5',2,18,1026446400),(22,'167-22',1,28,1148961600),(23,'167-22',2,13,1177473600),(24,'170-4',1,28,1148961600),(25,'170-4',2,13,1177473600),(26,'115-14',1,25,1080446400),(27,'115-14',2,3,1188273600),(28,'164-10',1,28,1148961600),(29,'164-10',2,12,1177473600),(30,'81-4',1,11,609480000),(31,'81-4',2,24,624769200),(32,'81-4',3,89,968299200),(33,'116-33',1,25,1080446400),(34,'116-33',2,3,1172545200),(35,'162-9',1,28,1148961600),(36,'162-9',2,13,1177473600),(37,'162-12',1,28,1148961600),(38,'162-12',2,13,1177473600),(39,'162-27',1,28,1148961600),(40,'162-27',2,13,1177473600),(41,'156-21',1,20,1078974000),(42,'156-21',2,27,1134270000),(43,'119-9',1,25,1080360000),(44,'119-9',2,3,1172458800),(45,'165-5',1,28,1148961600),(46,'165-5',2,13,1177473600),(47,'148-32',1,20,1078887600),(48,'148-32',2,36,1134529200),(49,'117-5',1,25,1080446400),(50,'117-5',2,3,1172545200),(51,'145-11',1,22,1024977600),(52,'145-11',2,33,1037674800),(53,'118-19',1,25,1080446400),(54,'118-19',2,3,1172545200),(55,'166-20',1,28,1148961600),(56,'166-20',2,13,1177473600),(57,'161-27',1,28,1148961600),(58,'161-27',2,13,1177473600),(59,'117-3',1,25,1080446400),(60,'117-3',2,3,1172545200),(61,'118-12',1,25,1080446400),(62,'118-12',2,3,1172545200),(63,'149-10',1,20,1078887600),(64,'149-10',2,36,1134529200),(65,'148-36',1,20,1078974000),(66,'148-36',2,36,1134615600),(67,'161-28',1,28,1148961600),(68,'161-28',2,13,1177473600),(69,'73-10',1,7,1266289200),(70,'73-10',2,25,-55453749434),(71,'169-1',1,28,1148961600),(72,'169-1',2,13,1177473600),(73,'169-5',1,28,1148961600),(74,'169-5',2,13,1177473600),(75,'169-5',3,250,1218513600),(76,'310-8',1,38,1283486400),(77,'310-8',2,28,1371787200),(78,'327-17',1,6,1372996800),(79,'327-17',2,230,1445569200),(80,'319-4',1,30,1234494000),(81,'319-4',2,3,1329793200),(82,'156-15',1,20,1078801200),(83,'156-15',2,36,1105585200),(84,'104-1',1,41,909284400),(85,'104-1',2,16,931924800),(86,'315-13',1,157,1251777600),(87,'315-13',2,4,1329793200),(88,'305-22',1,157,1251777600),(89,'305-22',2,4,1329015600),(90,'97-14',1,12,831441600),(91,'97-14',2,48,848890800),(92,'312-1',1,30,1234494000),(93,'312-1',2,3,1329793200),(94,'312-20',1,30,1234494000),(95,'312-20',2,3,1329793200),(96,'304-24',1,157,1251777600),(97,'304-24',2,4,1329793200),(98,'304-4',1,157,1251777600),(99,'304-4',2,4,1329793200),(100,'323-9',1,30,1234494000),(101,'323-9',2,3,1329793200),(102,'304-12',1,157,1251777600),(103,'304-12',2,4,1329793200),(104,'326-10',1,143,1339992000),(105,'326-10',2,79,1429498800),(106,'322-9',1,143,1339992000),(107,'322-9',2,79,1429498800),(108,'310-3',1,38,1283486400),(109,'310-3',2,28,1371787200),(110,'107-3',1,41,909543600),(111,'107-3',2,16,931924800),(112,'107-3',3,359,1228359600),(113,'210-147',1,69,941770800),(114,'210-147',2,47,943498800),(115,'210-147',3,30,1206936000),(116,'304-11',1,157,1251777600),(117,'304-11',2,4,1501646400),(118,'339-11',1,6,1372996800),(119,'339-11',2,230,1445482800),(120,'339-1',1,6,1372996800),(121,'339-1',2,230,1445482800),(122,'306-12',1,157,1251777600),(123,'306-12',2,4,1329015600),(124,'306-24',1,157,1251777600),(125,'306-24',2,4,1329793200),(126,'308-4',1,157,1251777600),(127,'308-4',2,4,1329793200),(128,'308-12',1,157,1251777600),(129,'308-12',2,4,1329793200),(130,'312-5',1,30,1234494000),(131,'312-5',2,3,1329793200),(132,'314-9',1,157,1251777600),(133,'314-9',2,4,1329793200),(134,'323-3',1,30,1234494000),(135,'323-3',2,3,1329793200),(136,'326-2',1,143,1339992000),(137,'326-2',2,79,1429498800),(138,'311-7',1,157,1251777600),(139,'311-7',2,4,1329793200),(140,'308-8',1,157,1251777600),(141,'308-8',2,4,1329793200),(142,'346-8',1,7,1360206000),(143,'346-8',2,202,1451098800),(144,'322-15',1,143,1339992000),(145,'322-15',2,79,1429498800),(146,'9-7',1,27,446612400),(147,'9-7',2,15,486619200),(148,'316-10',1,30,1234494000),(149,'316-10',2,3,1329793200),(150,'316-10',3,11,1389927600),(151,'348-7',1,7,1360206000),(152,'348-7',2,202,1440558000),(153,'303-20',1,30,1234494000),(154,'303-20',2,3,1329793200),(155,'309-14',1,38,1283486400),(156,'309-14',2,28,1371787200),(157,'310-4',1,38,1283486400),(158,'310-4',2,28,1371787200),(159,'303-6',1,15,1251777600),(160,'303-6',2,4,1329793200),(161,'310-20',1,38,1283486400),(162,'310-20',2,28,1371787200),(163,'309-5',1,38,1283486400),(164,'309-5',2,28,1371787200),(165,'315-2',1,30,1234494000),(166,'315-2',2,3,1329793200),(167,'41-10',1,53,960177600),(168,'41-10',2,50,960523200),(169,'319-12',1,30,1234494000),(170,'319-12',2,3,1329793200),(171,'339-12',1,6,1372996800),(172,'339-12',2,230,1445569200),(173,'314-19',1,30,1234494000),(174,'314-19',2,3,1329793200),(175,'315-16',1,30,1234494000),(176,'315-16',2,3,1329793200),(177,'165-18',1,28,1148961600),(178,'165-18',2,13,1177473600),(179,'165-18',3,25,1142913600),(180,'161-5',1,28,1148961600),(181,'161-5',2,13,1177473600),(182,'164-16',1,28,1148961600),(183,'164-16',2,66,1188532800),(184,'93-11',1,16,925185600),(185,'93-11',2,18,938664000),(186,'119-8',1,25,1080532800),(187,'119-8',2,3,1172631600),(188,'166-19',1,28,1148961600),(189,'166-19',2,13,1177473600),(190,'177-19',1,53,1331002800),(191,'177-19',2,27,1369022400),(192,'118-14',1,25,1080532800),(193,'118-14',2,3,1172631600),(194,'118-14',3,283,1262142000),(195,'116-8',1,25,1080532800),(196,'116-8',2,3,1172631600),(197,'173-8',1,0,1502078400),(198,'173-8',2,0,1502078400),(199,'149-9',1,20,1079060400),(200,'149-9',2,36,1134702000),(201,'178-24',1,139,1190865600),(202,'178-24',2,119,1224817200),(203,'162-14',1,28,1148961600),(204,'162-14',2,13,1177473600),(205,'167-20',1,28,1148961600),(206,'167-20',2,66,1188532800),(207,'167-20',3,107,1471489200),(208,'305-17',1,157,1251777600),(209,'305-17',2,4,1329793200),(210,'334-16',1,6,1360206000),(211,'334-16',2,14,1392087600),(212,'320-14',1,30,1234494000),(213,'320-14',2,3,1329793200),(214,'306-20',1,157,1251777600),(215,'306-20',2,4,1329793200),(216,'308-5',1,157,1251777600),(217,'308-5',2,4,1329793200),(218,'304-7',1,157,1251777600),(219,'304-7',2,4,1329793200),(220,'304-9',1,157,1251777600),(221,'304-9',2,4,1329793200),(222,'327-16',1,157,1251777600),(223,'327-16',2,4,1424314800),(224,'308-7',1,157,1251777600),(225,'308-7',2,4,1329793200),(226,'308-7',3,0,1502337600),(227,'308-7',4,0,1502337600),(228,'305-2',1,30,1236913200),(229,'305-2',2,4,1329793200),(230,'305-2',3,0,1502337600),(231,'305-2',4,0,1502337600),(232,'340-3',1,6,1372996800),(233,'340-3',2,230,1445569200),(234,'310-14',1,38,1283486400),(235,'310-14',2,28,1371787200),(236,'316-2',1,30,1252814400),(237,'316-2',2,3,1332212400),(238,'270-5',1,28,1234148400),(239,'270-5',2,43,1317006000),(240,'312-19',1,30,-55568056634),(241,'312-19',2,3,1329793200),(242,'322-5',1,38,1283486400),(243,'322-5',2,28,1371787200),(244,'313-16',1,30,1234407600),(245,'313-16',2,3,1329793200),(246,'305-5',1,157,1233457200),(247,'305-5',2,4,1329793200),(248,'314-10',1,157,1251777600),(249,'314-10',2,4,1329793200),(250,'312-14',1,157,1251777600),(251,'312-14',2,4,1329793200),(252,'346-14',1,7,1391742000),(253,'346-14',2,202,1440558000),(254,'310-12',1,38,1283486400),(255,'310-12',2,28,1371787200),(256,'303-5',1,157,1251777600),(257,'303-5',2,4,1329015600),(258,'312-13',1,157,1251777600),(259,'312-13',2,4,1329793200),(260,'304-5',1,157,1251777600),(261,'304-5',2,4,1329793200),(262,'310-24',1,6,1372996800),(263,'310-24',2,230,1445569200),(264,'339-2',1,6,1372996800),(265,'339-2',2,230,1445569200),(266,'312-16',1,30,1234407600),(267,'312-16',2,3,1329706800),(268,'312-16',3,0,1502424000),(269,'312-16',4,0,1502424000),(270,'310-22',1,38,1283486400),(271,'310-22',2,28,1371787200),(272,'310-22',3,0,1502424000),(273,'310-22',4,0,1502424000),(274,'340-4',1,6,1372996800),(275,'340-4',2,230,1445569200),(276,'340-4',3,0,1502424000),(277,'340-4',4,0,1502424000),(278,'315-9',1,157,1246420800),(279,'315-9',2,4,1329706800),(280,'315-9',3,0,1502424000),(281,'315-9',4,0,1502424000),(282,'305-6',1,157,1251777600),(283,'305-6',2,4,1329793200),(284,'305-6',3,0,1502424000),(285,'305-6',4,0,1502424000);
/*!40000 ALTER TABLE `vivienda_certificados` ENABLE KEYS */;
UNLOCK TABLES;
/*!40103 SET TIME_ZONE=@OLD_TIME_ZONE */;

/*!40101 SET SQL_MODE=@OLD_SQL_MODE */;
/*!40014 SET FOREIGN_KEY_CHECKS=@OLD_FOREIGN_KEY_CHECKS */;
/*!40014 SET UNIQUE_CHECKS=@OLD_UNIQUE_CHECKS */;
/*!40101 SET CHARACTER_SET_CLIENT=@OLD_CHARACTER_SET_CLIENT */;
/*!40101 SET CHARACTER_SET_RESULTS=@OLD_CHARACTER_SET_RESULTS */;
/*!40101 SET COLLATION_CONNECTION=@OLD_COLLATION_CONNECTION */;
/*!40111 SET SQL_NOTES=@OLD_SQL_NOTES */;

-- Dump completed on 2018-01-25 21:34:31
